DATE,Recession,Gold_reserves_billion
1940-01-03,0,153.14024
1940-01-10,0,153.93928
1940-01-17,0,154.42506
1940-01-24,0,154.91722
1940-01-31,0,155.61455
1940-02-07,0,156.29737
1940-02-14,0,156.84736
1940-02-21,0,157.48552
1940-02-28,0,158.03195
1940-03-06,0,158.78193
1940-03-13,0,159.41980999999998
1940-03-20,0,160.05956
1940-03-27,0,160.55857
1940-04-03,0,161.09742
1940-04-10,0,161.69745999999998
1940-04-17,0,162.98251
1940-04-24,0,163.87616999999997
1940-05-01,0,164.52617999999998
1940-05-08,0,165.06063999999998
1940-05-15,0,167.01064
1940-05-22,0,168.49713
1940-05-29,0,169.44493999999997
1940-06-05,0,170.63982
1940-06-12,0,172.12666000000002
1940-06-19,0,175.47666
1940-06-26,0,176.64338
1940-07-03,0,178.51337
1940-07-10,0,179.55338
1940-07-17,0,180.38831
1940-07-24,0,181.26829
1940-07-31,0,182.01829
1940-08-07,0,182.86828000000003
1940-08-14,0,183.99931
1940-08-21,0,184.98804
1940-08-28,0,185.73804
1940-09-04,0,186.42695
1940-09-11,0,186.82695999999999
1940-09-18,0,187.67696
1940-09-25,0,188.5509
1940-10-02,0,189.65092
1940-10-09,0,190.43681
1940-10-16,0,190.88583
1940-10-23,0,191.77374
1940-10-30,0,192.90372
1940-11-06,0,193.33696
1940-11-13,0,194.03691999999998
1940-11-20,0,195.02471000000003
1940-11-27,0,195.57448
1940-12-04,0,196.06294999999997
1940-12-11,0,196.41295
1940-12-18,0,196.72008999999997
1940-12-24,0,196.9201
1940-12-31,0,197.60473000000002
1941-01-08,0,198.13889
1941-01-15,0,198.55502
1941-01-22,0,198.89604
1941-01-29,0,199.06605
1941-02-05,0,199.13064999999997
1941-02-12,0,199.12379
1941-02-19,0,199.11939999999998
1941-02-26,0,199.70525
1941-03-05,0,200.40490000000003
1941-03-12,0,201.14193
1941-03-19,0,201.14195
1941-03-26,0,201.12848999999997
1941-04-02,0,201.11767
1941-04-09,0,201.21769
1941-04-16,0,201.35238
1941-04-23,0,201.70236
1941-04-30,0,202.03870999999998
1941-05-07,0,202.12876
1941-05-14,0,202.32876
1941-05-21,0,202.66279999999998
1941-05-28,0,203.26281
1941-06-04,0,203.24674
1941-06-11,0,203.24676
1941-06-18,0,203.23239
1941-06-25,0,203.23238
1941-07-02,0,203.21084
1941-07-09,0,203.21084
1941-07-16,0,203.19718
1941-07-23,0,203.18802
1941-07-30,0,203.18804
1941-08-06,0,203.17188
1941-08-13,0,203.17186
1941-08-20,0,203.15760999999998
1941-08-27,0,203.14943
1941-09-03,0,203.14178
1941-09-10,0,203.13418000000001
1941-09-17,0,203.13418000000001
1941-09-24,0,203.77772000000002
1941-10-01,0,204.80759999999998
1941-10-08,0,205.15040000000002
1941-10-15,0,205.39185
1941-10-22,0,205.73318
1941-10-29,0,205.72451
1941-11-05,0,205.71585
1941-11-12,0,205.70769
1941-11-19,0,205.70086
1941-11-26,0,205.69365000000002
1941-12-03,0,205.68511999999998
1941-12-10,0,205.66367
1941-12-17,0,205.30602
1941-12-24,0,205.29706
1941-12-31,0,205.03683
1942-01-07,0,205.03686000000002
1942-01-14,0,205.01451
1942-01-21,0,205.36452
1942-01-28,0,205.34211
1942-02-04,0,205.33177
1942-02-11,0,205.42255
1942-02-18,0,205.16534
1942-02-25,0,205.15655999999998
1942-03-04,0,205.14916000000002
1942-03-11,0,205.27915000000002
1942-03-18,0,205.07342
1942-03-25,0,204.95934
1942-04-01,0,204.79859
1942-04-08,0,204.87929
1942-04-15,0,205.07598000000002
1942-04-22,0,204.93973999999997
1942-04-29,0,205.03611
1942-05-06,0,205.09282
1942-05-13,0,205.26369
1942-05-20,0,205.23611
1942-05-27,0,205.22721
1942-06-03,0,205.31169000000003
1942-06-10,0,205.32071
1942-06-17,0,205.70379
1942-06-24,0,205.66775
1942-07-01,0,205.65669000000003
1942-07-08,0,205.64643
1942-07-15,0,205.63859
1942-07-22,0,205.62727999999998
1942-07-29,0,205.63226999999998
1942-08-05,0,205.60817
1942-08-12,0,205.59582999999998
1942-08-19,0,205.61611000000002
1942-08-26,0,205.64162
1942-09-02,0,205.75225999999998
1942-09-09,0,205.74367999999998
1942-09-16,0,205.78034
1942-09-23,0,205.77266
1942-09-30,0,205.75959999999998
1942-10-07,0,205.73205000000002
1942-10-14,0,205.84594
1942-10-21,0,205.7279
1942-10-28,0,205.63541
1942-11-04,0,205.69206999999997
1942-11-11,0,205.76618
1942-11-18,0,205.66494
1942-11-25,0,205.73436
1942-12-02,0,205.72703
1942-12-09,0,205.71777999999998
1942-12-16,0,205.82601
1942-12-23,0,205.71374
1942-12-30,0,205.54842
1943-01-06,0,205.43526000000003
1943-01-13,0,205.41926999999998
1943-01-20,0,205.30486000000002
1943-01-27,0,205.27258999999998
1943-02-03,0,204.98957
1943-02-10,0,204.77883000000003
1943-02-17,0,204.78578000000002
1943-02-24,0,204.77169999999998
1943-03-03,0,204.85411
1943-03-10,0,204.84150000000002
1943-03-17,0,204.47501
1943-03-24,0,204.34768
1943-03-31,0,204.13402
1943-04-07,0,203.78124
1943-04-14,0,203.36662
1943-04-21,0,203.15998
1943-04-28,0,203.04527
1943-05-05,0,203.03101999999998
1943-05-12,0,202.81862
1943-05-19,0,202.79761
1943-05-26,0,202.58252000000002
1943-06-02,0,202.64373
1943-06-09,0,202.43124
1943-06-16,0,202.42305
1943-06-23,0,202.26475
1943-06-30,0,202.24389
1943-07-07,0,202.22901000000002
1943-07-14,0,202.00827
1943-07-21,0,201.82644
1943-07-28,0,201.64724999999999
1943-08-04,0,201.62639
1943-08-11,0,201.41170999999997
1943-08-18,0,201.24697
1943-08-25,0,201.2263
1943-09-01,0,200.71061
1943-09-08,0,200.67458
1943-09-15,0,200.4281
1943-09-22,0,200.45082
1943-09-29,0,200.12473000000003
1943-10-06,0,200.10614
1943-10-13,0,199.89024
1943-10-20,0,199.66995
1943-10-27,0,199.6375
1943-11-03,0,199.46598999999998
1943-11-10,0,199.33114
1943-11-17,0,199.31165000000001
1943-11-24,0,199.14621
1943-12-01,0,198.96311000000003
1943-12-08,0,198.74831999999998
1943-12-15,0,198.37205000000003
1943-12-22,0,198.35278
1943-12-29,0,198.33259999999999
1944-01-05,0,197.63871
1944-01-12,0,197.62003
1944-01-19,0,197.60149
1944-01-26,0,197.57428
1944-02-02,0,197.45689
1944-02-09,0,196.80466
1944-02-16,0,196.38567
1944-02-23,0,195.74866000000003
1944-03-01,0,195.45712
1944-03-08,0,195.04244
1944-03-15,0,195.05164000000002
1944-03-22,0,194.30175
1944-03-29,0,194.2486
1944-04-05,0,193.62393
1944-04-12,0,193.00322
1944-04-19,0,193.08880000000002
1944-04-26,0,192.65762999999998
1944-05-03,0,192.09866999999997
1944-05-10,0,192.09168000000003
1944-05-17,0,191.84094000000002
1944-05-24,0,191.52496
1944-05-31,0,190.96799
1944-06-07,0,190.46510999999998
1944-06-14,0,190.44959
1944-06-21,0,190.33174
1944-06-28,0,190.31187999999997
1944-07-05,0,189.69325
1944-07-12,0,189.48658
1944-07-19,0,188.7704
1944-07-26,0,188.2486
1944-08-02,0,188.35805
1944-08-09,0,188.34113000000002
1944-08-16,0,188.32401000000002
1944-08-23,0,187.80687999999998
1944-08-30,0,187.78916
1944-09-06,0,187.37803
1944-09-13,0,187.16331
1944-09-20,0,187.10913
1944-09-27,0,186.49233
1944-10-04,0,186.47423999999998
1944-10-11,0,185.6038
1944-10-18,0,185.59987
1944-10-25,0,185.58893
1944-11-01,0,185.53954000000002
1944-11-08,0,185.64176
1944-11-15,0,185.39686
1944-11-22,0,185.28175
1944-11-29,0,185.26567
1944-12-06,0,185.02847000000003
1944-12-13,0,185.00125
1944-12-20,0,184.77091000000001
1944-12-27,0,184.67092
1945-01-03,0,184.44471000000001
1945-01-10,0,184.17355
1945-01-17,0,183.95825000000002
1945-01-24,0,183.93253
1945-01-31,0,183.73253
1945-02-07,0,183.72686000000002
1945-02-14,0,183.20006
1945-02-21,1,183.19938
1945-02-28,1,183.45675
1945-03-07,1,182.92304000000001
1945-03-14,1,182.95829
1945-03-21,1,182.87462
1945-03-28,1,182.63447
1945-04-04,1,182.61059
1945-04-11,1,182.53507000000002
1945-04-18,1,182.31288
1945-04-25,1,182.09158
1945-05-02,1,182.07330000000002
1945-05-09,1,181.85737
1945-05-16,1,181.94506
1945-05-23,1,181.13172999999998
1945-05-30,1,181.11559
1945-06-06,1,181.09946
1945-06-13,1,181.09369999999998
1945-06-20,1,181.0848
1945-06-27,1,181.06568
1945-07-03,1,180.54516999999998
1945-07-11,1,180.53128
1945-07-18,1,180.51368
1945-07-25,1,180.40569
1945-08-01,1,179.80564999999999
1945-08-08,1,179.78912
1945-08-15,1,179.68916000000002
1945-08-22,1,179.28827
1945-08-29,1,179.26412
1945-09-05,1,179.19793
1945-09-12,1,179.21432000000001
1945-09-19,1,179.21432000000001
1945-09-26,1,179.19098000000002
1945-10-03,1,178.97854999999998
1945-10-10,1,178.66886
1945-10-17,0,178.8082
1945-10-24,0,178.79415
1945-10-31,0,178.79415
1945-11-07,0,178.7327
1945-11-14,0,178.73001
1945-11-21,0,178.71286
1945-11-28,0,178.71290000000002
1945-12-05,0,178.92273
1945-12-12,0,178.91087
1945-12-19,0,178.62951
1945-12-26,0,178.62936000000002
1946-01-02,0,178.62923999999998
1946-01-09,0,178.90883000000002
1946-01-16,0,179.59946
1946-01-23,0,179.57989
1946-01-30,0,179.82989
1946-02-06,0,179.8299
1946-02-13,0,179.82973
1946-02-20,0,180.42970000000003
1946-02-27,0,180.48932000000002
1946-03-06,0,180.78198
1946-03-13,0,180.78199
1946-03-20,0,180.76103
1946-03-27,0,180.75038
1946-04-03,0,181.00032
1946-04-10,0,180.98932000000002
1946-04-17,0,181.00036
1946-04-24,0,180.98201
1946-05-01,0,180.96464
1946-05-08,0,180.95075
1946-05-15,0,180.93670999999998
1946-05-22,0,180.935
1946-05-29,0,180.92118
1946-06-05,0,180.91322
1946-06-12,0,180.91096000000002
1946-06-19,0,181.06095000000002
1946-06-26,0,181.03034
1946-07-03,0,181.11514
1946-07-10,0,181.11514
1946-07-17,0,181.09557
1946-07-24,0,181.0743
1946-07-31,0,181.05481
1946-08-07,0,181.03556
1946-08-14,0,181.01912000000002
1946-08-21,0,181.00007000000002
1946-08-28,0,180.97549999999998
1946-09-04,0,180.96256000000002
1946-09-11,0,180.99241
1946-09-18,0,180.98624
1946-09-25,0,180.96794999999997
1946-10-02,0,180.95014
1946-10-09,0,181.22459999999998
1946-10-16,0,181.25440999999998
1946-10-23,0,182.23544
1946-10-30,0,182.28545999999997
1946-11-06,0,182.3809
1946-11-13,0,182.34144
1946-11-20,0,182.91772
1946-11-27,0,183.09619999999998
1946-12-04,0,183.07633
1946-12-11,0,182.956
1946-12-18,0,183.82914
1946-12-24,0,183.81305
1946-12-31,0,183.81293000000002
1947-01-08,0,183.78427
1947-01-15,0,184.11327
1947-01-22,0,185.29353
1947-01-29,0,186.26898
1947-02-05,0,185.75039
1947-02-12,0,185.73301
1947-02-19,0,185.96496
1947-02-26,0,190.85057
1947-03-05,0,191.63359
1947-03-12,0,191.61338
1947-03-19,0,191.63745
1947-03-26,0,191.815
1947-04-02,0,192.49606
1947-04-09,0,192.57619
1947-04-16,0,193.45886
1947-04-23,0,193.83557000000002
1947-04-30,0,195.36509999999998
1947-05-07,0,195.69466
1947-05-14,0,196.27575000000002
1947-05-21,0,196.45678
1947-05-28,0,196.88730999999999
1947-06-04,0,197.37093000000002
1947-06-11,0,197.82095
1947-06-18,0,198.91418000000002
1947-06-25,0,199.39103
1947-07-02,0,200.57075
1947-07-09,0,201.01868
1947-07-16,0,201.9885
1947-07-23,0,202.23848999999998
1947-07-30,0,202.91115000000002
1947-08-06,0,203.58792000000003
1947-08-13,0,203.66795
1947-08-20,0,204.26794999999998
1947-08-27,0,205.24133999999998
1947-09-03,0,205.34115000000003
1947-09-10,0,205.92146
1947-09-17,0,207.25197
1947-09-24,0,207.22742
1947-10-01,0,207.22739
1947-10-08,0,208.45098000000002
1947-10-15,0,209.05098
1947-10-22,0,209.7645
1947-10-29,0,210.4438
1947-11-05,0,210.92236
1947-11-12,0,211.90712
1947-11-19,0,212.63912
1947-11-26,0,213.43138
1947-12-03,0,214.18038
1947-12-10,0,214.51054
1947-12-17,0,214.68837
1947-12-24,0,214.82487
1947-12-31,0,214.92419
1948-01-07,0,215.05236000000002
1948-01-14,0,215.45076
1948-01-21,0,215.88133000000002
1948-01-28,0,216.56252
1948-02-04,0,216.99801
1948-02-11,0,216.98501
1948-02-18,0,217.18625
1948-02-25,0,217.76219
1948-03-03,0,217.79378
1948-03-10,0,218.2627
1948-03-17,0,218.60640999999998
1948-03-24,0,218.68009999999998
1948-03-31,0,218.78010999999998
1948-04-07,0,218.85815
1948-04-14,0,218.92864
1948-04-21,0,218.92698000000001
1948-04-28,0,219.09564999999998
1948-05-05,0,219.19143
1948-05-12,0,219.65186000000003
1948-05-19,0,219.79390999999998
1948-05-26,0,220.25893
1948-06-02,0,220.75894
1948-06-09,0,220.85892
1948-06-16,0,222.41392
1948-06-23,0,222.61074
1948-06-30,0,222.57813
1948-07-07,0,223.07815
1948-07-14,0,223.14753000000002
1948-07-21,0,223.79751
1948-07-28,0,223.96803
1948-08-04,0,224.04175999999998
1948-08-11,0,224.20133
1948-08-18,0,224.40133000000003
1948-08-25,0,224.49593000000002
1948-09-01,0,224.61649
1948-09-08,0,225.31648
1948-09-15,0,225.91647
1948-09-22,0,226.06344
1948-09-29,0,226.03201
1948-10-06,0,226.23203
1948-10-13,0,226.89394000000001
1948-10-20,0,227.09392
1948-10-27,0,227.29390999999998
1948-11-03,0,227.45731
1948-11-10,0,228.25732
1948-11-17,1,228.42677
1948-11-24,1,228.82681
1948-12-01,1,228.88612
1948-12-08,1,229.60691
1948-12-15,1,229.59921999999997
1948-12-22,1,229.59921999999997
1948-12-29,1,229.56080000000003
1949-01-05,1,229.76081
1949-01-12,1,229.93096000000003
1949-01-19,1,229.96186
1949-01-26,1,230.15169999999998
1949-02-02,1,230.41944999999998
1949-02-09,1,230.4181
1949-02-16,1,230.38907
1949-02-23,1,230.4562
1949-03-02,1,230.45368
1949-03-09,1,230.47202000000001
1949-03-16,1,230.57202
1949-03-23,1,230.69257000000002
1949-03-30,1,230.76649
1949-04-06,1,230.75115000000002
1949-04-13,1,230.73748
1949-04-20,1,230.72731
1949-04-27,1,230.92715
1949-05-04,1,231.12643
1949-05-11,1,231.22609
1949-05-18,1,231.19277
1949-05-25,1,231.16568999999998
1949-06-01,1,231.16129
1949-06-08,1,231.58181000000002
1949-06-15,1,232.07932
1949-06-22,1,232.05151999999998
1949-06-29,1,232.40151000000003
1949-07-06,1,232.549
1949-07-13,1,232.87786
1949-07-20,1,232.88926
1949-07-27,1,232.8526
1949-08-03,1,233.19848000000002
1949-08-10,1,233.25702
1949-08-17,1,233.60311000000002
1949-08-24,1,233.5702
1949-08-31,1,233.61997
1949-09-07,1,233.93818
1949-09-14,1,234.0361
1949-09-21,1,234.40027999999998
1949-09-28,1,233.49988000000002
1949-10-05,1,233.45699000000002
1949-10-12,1,233.55335
1949-10-19,0,233.24983
1949-10-26,0,233.20318
1949-11-02,0,233.16998999999998
1949-11-09,0,232.65171999999998
1949-11-16,0,232.65173
1949-11-23,0,232.71916000000002
1949-11-30,0,232.31916
1949-12-07,0,232.28231
1949-12-14,0,232.26226
1949-12-21,0,231.76223000000002
1949-12-28,0,231.76221
1950-01-04,0,231.72362
1950-01-11,0,231.93504000000001
1950-01-18,0,231.93504000000001
1950-01-25,0,231.98227
1950-02-01,0,231.63675
1950-02-08,0,231.24461
1950-02-15,0,231.24459
1950-02-22,0,231.20348
1950-03-01,0,231.20351
1950-03-08,0,231.20351
1950-03-15,0,231.01856
1950-03-22,0,230.47947
1950-03-29,0,230.19767
1950-04-05,0,230.2977
1950-04-12,0,230.2977
1950-04-19,0,230.24524000000002
1950-04-26,0,230.35363
1950-05-03,0,230.33077
1950-05-10,0,230.48076
1950-05-17,0,230.38077
1950-05-24,0,230.21021000000002
1950-05-31,0,229.98058
1950-06-07,0,229.98059
1950-06-14,0,229.9457
1950-06-21,0,229.92078
1950-06-28,0,229.82081
1950-07-05,0,229.81958999999998
1950-07-12,0,229.56959999999998
1950-07-19,0,229.50776000000002
1950-07-26,0,228.95963
1950-08-02,0,228.85743
1950-08-09,0,227.85687000000001
1950-08-16,0,227.09848999999997
1950-08-23,0,225.6985
1950-08-30,0,225.14544
1950-09-06,0,223.39374
1950-09-13,0,223.34620999999999
1950-09-20,0,222.87202000000002
1950-09-27,0,222.35055
1950-10-04,0,222.64958
1950-10-11,0,222.11567
1950-10-18,0,220.78844
1950-10-25,0,220.86598
1950-11-01,0,220.44848000000002
1950-11-08,0,219.94400000000002
1950-11-15,0,219.19526000000002
1950-11-22,0,218.67524
1950-11-29,0,217.97528
1950-12-06,0,217.34170999999998
1950-12-13,0,216.81302
1950-12-20,0,215.51301
1950-12-27,0,215.47934
1951-01-03,0,214.57631
1951-01-10,0,212.93219000000002
1951-01-17,0,212.50647
1951-01-24,0,212.10358
1951-01-31,0,211.60274
1951-02-07,0,211.10208
1951-02-14,0,210.25187999999997
1951-02-21,0,209.72219
1951-02-28,0,208.5222
1951-03-07,0,207.10193999999998
1951-03-14,0,206.75069
1951-03-21,0,206.22744999999998
1951-03-28,0,206.18899000000002
1951-04-04,0,205.66692999999998
1951-04-11,0,205.74321
1951-04-18,0,205.71334
1951-04-25,0,205.68194
1951-05-02,0,205.1623
1951-05-09,0,205.14009
1951-05-16,0,205.11342000000002
1951-05-23,0,205.10755
1951-05-30,0,205.07666
1951-06-06,0,205.09151000000003
1951-06-13,0,205.21503
1951-06-20,0,205.18265
1951-06-27,0,205.18241
1951-07-03,0,205.11778999999999
1951-07-11,0,205.11436
1951-07-18,0,205.06618999999998
1951-07-25,0,205.04249
1951-08-01,0,205.04042
1951-08-08,0,205.19941
1951-08-15,0,205.67293
1951-08-22,0,205.64279
1951-08-29,0,205.6139
1951-09-05,0,206.11159
1951-09-12,0,206.19108
1951-09-19,0,206.96922999999998
1951-09-26,0,207.74586
1951-10-03,0,207.81587
1951-10-10,0,208.18424
1951-10-17,0,208.66454000000002
1951-10-24,0,209.13971
1951-10-31,0,210.03937000000002
1951-11-07,0,210.50797
1951-11-14,0,210.57664
1951-11-21,0,211.05617999999998
1951-11-28,0,211.15618999999998
1951-12-05,0,211.65616000000003
1951-12-12,0,211.80616999999998
1951-12-19,0,212.86649
1951-12-26,0,213.96264
1952-01-02,0,214.82064
1952-01-09,0,215.54375
1952-01-16,0,216.04372
1952-01-23,0,216.7651
1952-01-30,0,217.31485
1952-02-06,0,217.82353999999998
1952-02-13,0,218.27354
1952-02-20,0,218.52609
1952-02-27,0,218.92376000000002
1952-03-05,0,220.92334
1952-03-12,0,220.92334
1952-03-19,0,221.02308000000002
1952-03-26,0,221.06375
1952-04-02,0,221.15375
1952-04-09,0,221.15240000000003
1952-04-16,0,221.09524000000002
1952-04-23,0,221.09522
1952-04-30,0,221.05681
1952-05-07,0,221.01799
1952-05-14,0,220.9909
1952-05-21,0,221.06661
1952-05-28,0,221.03388999999999
1952-06-04,0,221.01830999999999
1952-06-11,0,220.99047
1952-06-18,0,220.97592
1952-06-25,0,221.45065
1952-07-02,0,221.54878
1952-07-09,0,221.63401000000002
1952-07-16,0,221.49468000000002
1952-07-23,0,221.49231
1952-07-30,0,221.46344000000002
1952-08-06,0,221.53656999999998
1952-08-13,0,221.50316999999998
1952-08-20,0,221.48739
1952-08-27,0,221.46756000000002
1952-09-03,0,221.46754
1952-09-10,0,221.43162
1952-09-17,0,221.43159
1952-09-24,0,221.46922999999998
1952-10-01,0,221.46922999999998
1952-10-08,0,221.42036
1952-10-15,0,221.39329
1952-10-22,0,221.36142
1952-10-29,0,221.33554
1952-11-05,0,221.3957
1952-11-12,0,221.34026999999998
1952-11-19,0,221.30818
1952-11-26,0,221.45049
1952-12-03,0,221.45051
1952-12-10,0,221.42954
1952-12-17,0,220.78276999999997
1952-12-23,0,219.85705000000002
1952-12-30,0,219.85705000000002
1953-01-07,0,219.35706
1953-01-14,0,219.31990000000002
1953-01-21,0,218.84104
1953-01-28,0,218.4037
1953-02-04,0,217.3843
1953-02-11,0,216.38379
1953-02-18,0,215.40331999999998
1953-02-25,0,214.80175
1953-03-04,0,214.76458
1953-03-11,0,214.26459
1953-03-18,0,214.23247
1953-03-25,0,213.73225
1953-04-01,0,213.67236
1953-04-08,0,213.61270000000002
1953-04-15,0,213.86268
1953-04-22,0,213.83443
1953-04-29,0,213.85718
1953-05-06,0,213.80386
1953-05-13,0,213.82848
1953-05-20,0,213.83798
1953-05-27,0,213.56074
1953-06-03,0,213.51904
1953-06-10,0,213.54286
1953-06-17,0,213.36427
1953-06-24,0,213.12732
1953-07-01,0,212.87281
1953-07-08,0,212.58589
1953-07-15,1,211.91187000000002
1953-07-22,1,210.91186000000002
1953-07-29,1,210.85413
1953-08-05,1,210.35323
1953-08-12,1,210.36869
1953-08-19,1,210.44581
1953-08-26,1,210.42767
1953-09-02,1,209.92767
1953-09-09,1,209.90068
1953-09-16,1,209.88125
1953-09-23,1,209.87281
1953-09-30,1,209.33467000000002
1953-10-07,1,209.40507000000002
1953-10-14,1,209.52369
1953-10-21,1,208.99723000000003
1953-10-28,1,208.96991000000003
1953-11-04,1,208.96793000000002
1953-11-11,1,213.93203000000003
1953-11-18,1,213.93201000000002
1953-11-25,1,213.38349
1953-12-02,1,213.48348000000001
1953-12-09,1,213.45104
1953-12-16,1,213.41674
1953-12-23,1,213.38747
1953-12-30,1,213.38747
1954-01-06,1,213.50035
1954-01-13,1,213.50033
1954-01-20,1,213.21882000000002
1954-01-27,1,213.1922
1954-02-03,1,212.74105
1954-02-10,1,212.70851
1954-02-17,1,212.67329
1954-02-24,1,212.69754
1954-03-03,1,212.67149
1954-03-10,1,212.74567
1954-03-17,1,212.7214
1954-03-24,1,212.82027
1954-03-31,1,212.78078000000002
1954-04-07,1,212.78077000000002
1954-04-14,1,212.78602999999998
1954-04-21,1,212.7575
1954-04-28,1,212.83324000000002
1954-05-05,1,212.82989
1954-05-12,1,212.83339
1954-05-19,0,212.80955000000003
1954-05-26,0,212.87631000000002
1954-06-02,0,212.40549
1954-06-09,0,212.38402
1954-06-16,0,212.41266
1954-06-23,0,212.38508000000002
1954-06-30,0,212.38507
1954-07-07,0,212.44667
1954-07-14,0,212.42009
1954-07-21,0,212.44925999999998
1954-07-28,0,212.19830000000002
1954-08-04,0,212.17656
1954-08-11,0,211.74113
1954-08-18,0,211.71578000000002
1954-08-25,0,211.71580000000003
1954-09-01,0,211.27344000000002
1954-09-08,0,211.24154
1954-09-15,0,211.24151999999998
1954-09-22,0,211.24151999999998
1954-09-29,0,211.29363
1954-10-06,0,211.26232
1954-10-13,0,211.23575
1954-10-20,0,210.71184000000002
1954-10-27,0,210.69039
1954-11-03,0,210.78902
1954-11-10,0,210.26518
1954-11-17,0,210.31516
1954-11-24,0,210.29981
1954-12-01,0,210.29979
1954-12-08,0,210.28686000000002
1954-12-15,0,210.33686
1954-12-22,0,210.32506
1954-12-29,0,210.32507
1955-01-05,0,210.32388
1955-01-12,0,210.30317
1955-01-19,0,210.39316
1955-01-26,0,210.37899000000002
1955-02-02,0,210.37899000000002
1955-02-09,0,210.35375
1955-02-16,0,210.35039
1955-02-23,0,210.31868999999998
1955-03-02,0,210.31867
1955-03-09,0,210.31351999999998
1955-03-16,0,210.32822
1955-03-23,0,210.29559
1955-03-30,0,210.26927
1955-04-06,0,210.33554
1955-04-13,0,209.85956
1955-04-20,0,209.88330000000002
1955-04-27,0,209.85163
1955-05-04,0,209.82707
1955-05-11,0,209.90276000000003
1955-05-18,0,209.89948
1955-05-25,0,209.87855
1955-06-01,0,209.87855
1955-06-08,0,209.90891
1955-06-15,0,209.93294000000003
1955-06-22,0,209.95583
1955-06-29,0,209.93667000000002
1955-07-06,0,209.90744999999998
1955-07-13,0,209.93077000000002
1955-07-20,0,209.98074
1955-07-27,0,209.94239000000002
1955-08-03,0,209.94241000000002
1955-08-10,0,209.89919999999998
1955-08-17,0,209.86757
1955-08-24,0,209.86608
1955-08-31,0,209.92901
1955-09-07,0,209.92904
1955-09-14,0,209.90403999999998
1955-09-21,0,209.97416
1955-09-28,0,209.94005
1955-10-05,0,209.93901999999997
1955-10-12,0,210.00151999999997
1955-10-19,0,210.00151999999997
1955-10-26,0,210.06692999999999
1955-11-02,0,210.06645
1955-11-09,0,210.03510999999997
1955-11-16,0,210.00356
1955-11-23,0,210.05355
1955-11-30,0,210.02101
1955-12-07,0,210.00171999999998
1955-12-14,0,210.08435
1955-12-21,0,210.06301
1955-12-28,0,210.04193999999998
1956-01-04,0,210.09194
1956-01-11,0,210.06043000000003
1956-01-18,0,210.14099
1956-01-25,0,210.12174
1956-02-01,0,210.15472000000003
1956-02-08,0,210.12911
1956-02-15,0,210.11124
1956-02-22,0,210.11124
1956-02-29,0,210.11122
1956-03-07,0,210.14589
1956-03-14,0,210.39462
1956-03-21,0,210.29544
1956-03-28,0,210.36161
1956-04-04,0,210.36161
1956-04-11,0,210.55862000000002
1956-04-18,0,210.53647
1956-04-25,0,210.50871999999998
1956-05-02,0,210.47243999999998
1956-05-09,0,210.82179
1956-05-16,0,210.88377
1956-05-23,0,210.84924999999998
1956-05-30,0,210.84847000000002
1956-06-06,0,211.05524000000003
1956-06-13,0,211.13372999999999
1956-06-20,0,211.11306000000002
1956-06-27,0,211.08720000000002
1956-07-04,0,211.33520000000001
1956-07-11,0,211.40888999999999
1956-07-18,0,211.39503000000002
1956-07-25,0,211.3938
1956-08-01,0,211.51172
1956-08-08,0,211.73994
1956-08-15,0,211.71821
1956-08-22,0,211.71645
1956-08-29,0,211.68837
1956-09-05,0,212.02029
1956-09-12,0,212.02029
1956-09-19,0,211.99318
1956-09-26,0,211.96844000000002
1956-10-03,0,212.01843
1956-10-10,0,212.23501
1956-10-17,0,212.21277999999998
1956-10-24,0,212.26184
1956-10-31,0,212.23136
1956-11-07,0,212.30598999999998
1956-11-14,0,212.30599999999998
1956-11-21,0,212.30601
1956-11-28,0,212.27414000000002
1956-12-05,0,213.24266
1956-12-12,0,212.22538
1956-12-19,0,212.40903999999998
1956-12-26,0,212.69344
1957-01-02,0,212.69341
1957-01-09,0,212.69344
1957-01-16,0,212.69343
1957-01-23,0,212.6502
1957-01-30,0,215.61539000000002
1957-02-06,0,215.61443
1957-02-13,0,215.67909
1957-02-20,0,216.26291
1957-02-27,0,216.26292
1957-03-06,0,216.22991000000002
1957-03-13,0,216.20958
1957-03-20,0,216.1879
1957-03-27,0,216.26539
1957-04-03,0,216.24478
1957-04-10,0,216.22286
1957-04-17,0,216.35039
1957-04-24,0,216.34826
1957-05-01,0,216.34827
1957-05-08,0,216.41341
1957-05-15,0,216.36437
1957-05-22,0,216.34075
1957-05-29,0,219.32054
1957-06-05,0,219.30335
1957-06-12,0,219.38549
1957-06-19,0,219.36807000000002
1957-06-26,0,219.44655
1957-07-03,0,219.4454
1957-07-10,0,219.4454
1957-07-17,0,219.41060000000002
1957-07-24,0,219.3798
1957-07-31,0,219.4615
1957-08-07,0,219.44054
1957-08-14,0,219.42379
1957-08-21,1,219.40893
1957-08-28,1,219.38698
1957-09-04,1,219.38698
1957-09-11,1,219.45597
1957-09-18,1,219.45523
1957-09-25,1,219.42633
1957-10-02,1,219.55424
1957-10-09,1,219.58662
1957-10-16,1,219.78572
1957-10-23,1,219.8518
1957-10-30,1,219.92727
1957-11-06,1,220.21822
1957-11-13,1,220.46598999999998
1957-11-20,1,220.72722000000002
1957-11-27,1,220.7254
1957-12-04,1,220.78632000000002
1957-12-11,1,220.86984
1957-12-18,1,220.84647
1957-12-25,1,220.84646
1957-12-31,1,220.84641
1958-01-08,1,220.99641
1958-01-15,1,220.92802
1958-01-22,1,220.90883000000002
1958-01-29,1,221.04102999999998
1958-02-05,1,221.02586
1958-02-12,1,222.00985
1958-02-19,1,221.99411
1958-02-26,1,220.99196
1958-03-05,1,220.96461
1958-03-12,1,220.21233
1958-03-19,1,219.1809
1958-03-26,1,219.04122999999998
1958-04-02,1,218.04035
1958-04-09,1,217.01454
1958-04-16,0,215.89167
1958-04-23,0,214.60999
1958-04-30,0,214.08723
1958-05-07,0,213.58567
1958-05-14,0,212.79322
1958-05-21,0,211.56898
1958-05-28,0,210.54652
1958-06-04,0,210.04654
1958-06-11,0,210.105
1958-06-18,0,208.67891
1958-06-25,0,207.6678
1958-07-02,0,207.31781999999998
1958-07-09,0,207.27165000000002
1958-07-16,0,207.00357
1958-07-23,0,206.73049
1958-07-30,0,206.21054
1958-08-06,0,205.68982
1958-08-13,0,205.53876
1958-08-20,0,205.0206
1958-08-27,0,204.99293
1958-09-03,0,204.24206999999998
1958-09-10,0,204.24205
1958-09-17,0,203.05427
1958-09-24,0,202.88323
1958-10-01,0,202.38177
1958-10-08,0,202.38142
1958-10-15,0,201.95739
1958-10-22,0,201.07556
1958-10-29,0,201.05189
1958-11-05,0,200.80189
1958-11-12,0,200.8784
1958-11-19,0,200.69476999999998
1958-11-26,0,200.19373
1958-12-03,0,200.17443
1958-12-10,0,199.99552
1958-12-17,0,199.92499
1958-12-23,0,199.35968
1958-12-31,0,199.50812000000002
1959-01-07,0,199.50688
1959-01-14,0,199.28364000000002
1959-01-21,0,199.38365000000002
1959-01-28,0,199.32307
1959-02-04,0,198.91997
1959-02-11,0,198.88675
1959-02-18,0,198.85781
1959-02-25,0,198.93398000000002
1959-03-04,0,198.93398000000002
1959-03-11,0,198.55836
1959-03-18,0,198.53623
1959-03-25,0,198.6077
1959-04-01,0,198.60477
1959-04-08,0,198.5692
1959-04-15,0,198.44120999999998
1959-04-22,0,197.44118999999998
1959-04-29,0,197.40436000000003
1959-05-06,0,196.62743999999998
1959-05-13,0,196.62742999999998
1959-05-20,0,196.0821
1959-05-27,0,196.04944
1959-06-03,0,196.04946
1959-06-10,0,195.48919999999998
1959-06-17,0,195.48922
1959-06-24,0,194.8293
1959-07-01,0,194.16094
1959-07-08,0,194.13896
1959-07-15,0,193.90865000000002
1959-07-22,0,193.40443
1959-07-29,0,193.43003000000002
1959-08-05,0,193.30406
1959-08-12,0,193.03897
1959-08-19,0,193.01836
1959-08-26,0,193.01801
1959-09-02,0,192.22462
1959-09-09,0,192.32464
1959-09-16,0,192.32324
1959-09-23,0,192.03026999999997
1959-09-30,0,192.03028999999998
1959-10-07,0,191.98502
1959-10-14,0,191.96020000000001
1959-10-21,0,191.92479
1959-10-28,0,191.89806000000002
1959-11-04,0,192.89638
1959-11-11,0,192.96483
1959-11-18,0,192.96377
1959-11-25,0,192.92345
1959-12-02,0,192.77200000000002
1959-12-09,0,192.17201
1959-12-16,0,191.88189
1959-12-22,0,191.73728
1959-12-30,0,191.63727
1960-01-06,0,191.63728
1960-01-13,0,191.58970000000002
1960-01-20,0,191.64670999999998
1960-01-27,0,191.64502000000002
1960-02-03,0,191.51009
1960-02-10,0,191.37837
1960-02-17,0,191.34022000000002
1960-02-24,0,191.33973999999998
1960-03-02,0,191.33791000000002
1960-03-09,0,191.21110000000002
1960-03-16,0,191.17163
1960-03-23,0,191.17162
1960-03-30,0,191.12634999999997
1960-04-06,0,191.09215
1960-04-13,0,190.96009999999998
1960-04-20,1,190.9147
1960-04-27,1,190.6647
1960-05-04,1,190.63374
1960-05-11,1,190.70478
1960-05-18,1,190.6656
1960-05-25,1,190.58703000000003
1960-06-01,1,190.58705
1960-06-08,1,190.52495
1960-06-15,1,190.49996
1960-06-22,1,190.47066999999998
1960-06-29,1,190.29021
1960-07-06,1,190.29021
1960-07-13,1,189.52470000000002
1960-07-20,1,189.32467
1960-07-27,1,188.58544
1960-08-03,1,188.35550999999998
1960-08-10,1,187.84552
1960-08-17,1,187.30349999999999
1960-08-24,1,187.32488
1960-08-31,1,187.08738000000002
1960-09-07,1,187.0094
1960-09-14,1,186.4729
1960-09-21,1,184.64069
1960-09-28,1,184.03772
1960-10-05,1,183.39364
1960-10-12,1,183.20024
1960-10-19,1,182.86051
1960-10-26,1,181.76633
1960-11-02,1,180.38635
1960-11-09,1,178.18687999999997
1960-11-16,1,177.09688999999997
1960-11-23,1,176.91687000000002
1960-11-30,1,176.10112
1960-12-07,1,178.81184000000002
1960-12-14,1,176.74437
1960-12-21,1,176.34437000000003
1960-12-28,1,175.49436000000003
1961-01-04,1,173.82247999999998
1961-01-11,1,173.17139
1961-01-18,1,172.08086
1961-01-25,1,171.50453000000002
1961-02-01,1,171.4
1961-02-08,1,171.26
1961-02-15,1,171.07
1961-02-22,0,170.79
1961-03-01,0,170.75
1961-03-08,0,170.75
1961-03-15,0,170.9
1961-03-22,0,170.87
1961-03-29,0,170.79
1961-04-05,0,170.96
1961-04-12,0,170.93
1961-04-19,0,170.92
1961-04-26,0,170.89
1961-05-03,0,170.86
1961-05-10,0,170.82
1961-05-17,0,170.89
1961-05-24,0,170.95
1961-05-31,0,170.95
1961-06-07,0,171.26
1961-06-14,0,171.74
1961-06-21,0,172.2
1961-06-28,0,172.41
1961-07-05,0,172.52
1961-07-12,0,172.49
1961-07-19,0,172.23
1961-07-26,0,172.23
1961-08-02,0,172.68
1961-08-09,0,173.35
1961-08-16,0,173.31
1961-08-23,0,173.38
1961-08-30,0,171.87
1961-09-06,0,171.86
1961-09-13,0,171.83
1961-09-20,0,171.8
1961-09-27,0,171.74
1961-10-04,0,170.74
1961-10-11,0,170.7
1961-10-18,0,170.22
1961-10-25,0,170.28
1961-11-01,0,170.28
1961-11-08,0,169.97
1961-11-15,0,170.17
1961-11-22,0,167.13
1961-11-29,0,167.1
1961-12-06,0,167.07
1961-12-13,0,166.53
1961-12-20,0,166.15
1961-12-27,0,166.15
1962-01-03,0,166.15
1962-01-10,0,165.72
1962-01-17,0,165.62
1962-01-24,0,165.69
1962-01-31,0,165.42
1962-02-07,0,165.17
1962-02-14,0,165.23
1962-02-21,0,165.23
1962-02-28,0,165.3
1962-03-07,0,164.64
1962-03-14,0,164.38
1962-03-21,0,164.35
1962-03-28,0,163.36
1962-04-04,0,163.33
1962-04-11,0,163.44
1962-04-18,0,162.66
1962-04-25,0,162.22
1962-05-02,0,162.22
1962-05-09,0,161.99
1962-05-16,0,161.65
1962-05-23,0,161.65
1962-05-30,0,161.58
1962-06-06,0,161.73
1962-06-13,0,161.66
1962-06-20,0,161.63
1962-06-27,0,161.58
1962-07-04,0,161.55
1962-07-11,0,160.27
1962-07-18,0,160.25
1962-07-25,0,159.31
1962-08-01,0,158.71
1962-08-08,0,158.74
1962-08-15,0,158.71
1962-08-22,0,158.71
1962-08-29,0,158.17
1962-09-05,0,158.17
1962-09-12,0,158.0
1962-09-19,0,157.99
1962-09-26,0,157.96
1962-10-03,0,157.94
1962-10-10,0,157.9
1962-10-17,0,157.9
1962-10-24,0,157.34
1962-10-31,0,156.92
1962-11-07,0,156.89
1962-11-14,0,156.86
1962-11-21,0,157.08
1962-11-28,0,157.06
1962-12-05,0,157.05
1962-12-12,0,157.0
1962-12-19,0,157.0
1962-12-26,0,156.96
1963-01-02,0,156.96
1963-01-09,0,156.92
1963-01-16,0,156.42
1963-01-23,0,156.39
1963-01-30,0,156.6
1963-02-06,0,156.57
1963-02-13,0,156.53
1963-02-20,0,156.47
1963-02-27,0,155.95
1963-03-06,0,155.95
1963-03-13,0,155.91
1963-03-20,0,155.85
1963-03-27,0,156.06
1963-04-03,0,156.03
1963-04-10,0,156.0
1963-04-17,0,156.0
1963-04-24,0,156.0
1963-05-01,0,155.95
1963-05-08,0,155.44
1963-05-15,0,155.34
1963-05-22,0,155.3
1963-05-29,0,155.24
1963-06-05,0,155.21
1963-06-12,0,155.17
1963-06-19,0,155.14
1963-06-26,0,154.42
1963-07-03,0,154.57
1963-07-10,0,154.03
1963-07-17,0,153.49
1963-07-24,0,153.49
1963-07-31,0,153.46
1963-08-07,0,153.36
1963-08-14,0,152.99
1963-08-21,0,152.96
1963-08-28,0,152.91
1963-09-04,0,152.91
1963-09-11,0,152.87
1963-09-18,0,152.83
1963-09-25,0,153.09
1963-10-02,0,153.08
1963-10-09,0,153.04
1963-10-16,0,153.0
1963-10-23,0,152.96
1963-10-30,0,153.1
1963-11-06,0,153.05
1963-11-13,0,153.01
1963-11-20,0,152.94
1963-11-27,0,152.94
1963-12-04,0,153.06
1963-12-11,0,153.0
1963-12-18,0,153.0
1963-12-25,0,152.27
1963-12-31,0,152.37
1964-01-08,0,152.33
1964-01-15,0,152.29
1964-01-22,0,152.22
1964-01-29,0,152.31
1964-02-05,0,152.3
1964-02-12,0,151.76
1964-02-19,0,151.69
1964-02-26,0,151.65
1964-03-04,0,151.81
1964-03-11,0,151.77
1964-03-18,0,151.74
1964-03-25,0,151.9
1964-04-01,0,151.9
1964-04-08,0,151.86
1964-04-15,0,151.78
1964-04-22,0,151.99
1964-04-29,0,151.95
1964-05-06,0,151.9
1964-05-13,0,151.85
1964-05-20,0,151.81
1964-05-27,0,151.76
1964-06-03,0,151.76
1964-06-10,0,151.76
1964-06-17,0,151.97
1964-06-24,0,151.89
1964-07-01,0,151.85
1964-07-08,0,151.85
1964-07-15,0,151.81
1964-07-22,0,151.73
1964-07-29,0,151.88
1964-08-05,0,151.84
1964-08-12,0,151.8
1964-08-19,0,151.76
1964-08-26,0,151.72
1964-09-02,0,151.88
1964-09-09,0,151.83
1964-09-16,0,151.81
1964-09-23,0,151.96
1964-09-30,0,151.9
1964-10-07,0,151.84
1964-10-14,0,151.79
1964-10-21,0,151.69
1964-10-28,0,151.85
1964-11-04,0,151.77
1964-11-11,0,151.74
1964-11-18,0,151.74
1964-11-25,0,150.91
1964-12-02,0,150.91
1964-12-09,0,150.83
1964-12-16,0,150.79
1964-12-23,0,150.75
1964-12-30,0,150.75
1965-01-06,0,150.75
1965-01-13,0,148.68
1965-01-20,0,148.8
1965-01-27,0,148.71
1965-02-03,0,148.04
1965-02-10,0,146.46
1965-02-17,0,146.43
1965-02-24,0,146.41
1965-03-03,0,145.33
1965-03-10,0,145.28
1965-03-17,0,142.76
1965-03-24,0,142.68
1965-03-31,0,142.93
1965-04-07,0,142.87
1965-04-14,0,141.31
1965-04-21,0,141.28
1965-04-28,0,141.44
1965-05-05,0,141.4
1965-05-12,0,140.75
1965-05-19,0,140.73
1965-05-26,0,140.08
1965-06-02,0,140.22
1965-06-09,0,140.19
1965-06-16,0,140.13
1965-06-23,0,140.2
1965-06-30,0,136.7
1965-07-07,0,136.66
1965-07-14,0,136.62
1965-07-21,0,136.59
1965-07-28,0,135.91
1965-08-04,0,135.87
1965-08-11,0,135.84
1965-08-18,0,135.8
1965-08-25,0,135.96
1965-09-01,0,135.96
1965-09-08,0,135.93
1965-09-15,0,135.87
1965-09-22,0,135.84
1965-09-29,0,135.87
1965-10-06,0,135.84
1965-10-13,0,135.78
1965-10-20,0,135.76
1965-10-27,0,135.82
1965-11-03,0,135.78
1965-11-10,0,135.78
1965-11-17,0,135.71
1965-11-24,0,134.92
1965-12-01,0,135.12
1965-12-08,0,135.05
1965-12-15,0,135.04
1965-12-22,0,135.15
1965-12-29,0,134.36
1966-01-05,0,134.34
1966-01-12,0,134.3
1966-01-19,0,134.3
1966-01-26,0,134.21
1966-02-02,0,134.36
1966-02-09,0,134.27
1966-02-16,0,134.19
1966-02-23,0,134.17
1966-03-02,0,134.29
1966-03-09,0,134.24
1966-03-16,0,134.29
1966-03-23,0,132.64
1966-03-30,0,132.04
1966-04-06,0,131.99
1966-04-13,0,131.85
1966-04-20,0,131.8
1966-04-27,0,131.9
1966-05-04,0,131.85
1966-05-11,0,130.85
1966-05-18,0,130.78
1966-05-25,0,130.74
1966-06-01,0,130.92
1966-06-08,0,130.84
1966-06-15,0,130.8
1966-06-22,0,129.76
1966-06-29,0,129.73
1966-07-06,0,129.93
1966-07-13,0,129.93
1966-07-20,0,129.89
1966-07-27,0,128.73
1966-08-03,0,128.87
1966-08-10,0,128.65
1966-08-17,0,128.58
1966-08-24,0,127.72
1966-08-31,0,127.88
1966-09-07,0,127.82
1966-09-14,0,127.78
1966-09-21,0,127.73
1966-09-28,0,127.92
1966-10-05,0,127.79
1966-10-12,0,127.73
1966-10-19,0,127.68
1966-10-26,0,127.63
1966-11-02,0,127.75
1966-11-09,0,127.72
1966-11-16,0,127.66
1966-11-23,0,127.62
1966-11-30,0,126.67
1966-12-07,0,126.63
1966-12-14,0,126.57
1966-12-21,0,126.79
1966-12-28,0,126.78
1967-01-04,0,126.76
1967-01-11,0,126.73
1967-01-18,0,126.77
1967-01-25,0,126.68
1967-02-01,0,126.78
1967-02-08,0,126.72
1967-02-15,0,126.74
1967-02-22,0,126.3
1967-03-01,0,126.25
1967-03-08,0,126.2
1967-03-15,0,126.12
1967-03-22,0,126.01
1967-03-29,0,125.97
1967-04-05,0,126.05
1967-04-12,0,126.01
1967-04-19,0,125.94
1967-04-26,0,125.88
1967-05-03,0,126.03
1967-05-10,0,125.97
1967-05-17,0,125.91
1967-05-24,0,125.87
1967-05-31,0,126.08
1967-06-07,0,126.09
1967-06-14,0,126.02
1967-06-21,0,125.99
1967-06-28,0,125.93
1967-07-05,0,126.08
1967-07-12,0,126.05
1967-07-19,0,126.02
1967-07-26,0,125.94
1967-08-02,0,125.54
1967-08-09,0,125.49
1967-08-16,0,125.44
1967-08-23,0,125.55
1967-08-30,0,124.99
1967-09-06,0,125.13
1967-09-13,0,125.09
1967-09-20,0,125.04
1967-09-27,0,125.03
1967-10-04,0,125.09
1967-10-11,0,125.07
1967-10-18,0,125.02
1967-10-25,0,125.0
1967-11-01,0,124.09
1967-11-08,0,124.08
1967-11-15,0,124.03
1967-11-22,0,124.0
1967-11-29,0,123.93
1967-12-06,0,119.15
1967-12-13,0,119.1
1967-12-20,0,119.06
1967-12-27,0,119.32
1968-01-03,0,114.8
1968-01-10,0,114.77
1968-01-17,0,114.7
1968-01-24,0,114.67
1968-01-31,0,114.84
1968-02-07,0,113.84
1968-02-14,0,113.84
1968-02-21,0,113.84
1968-02-28,0,113.84
1968-03-06,0,113.84
1968-03-13,0,109.34
1968-03-20,0,101.4
1968-03-27,0,101.38
1968-04-03,0,101.31
1968-04-10,0,101.31
1968-04-17,0,101.3
1968-04-24,0,101.28
1968-05-01,0,101.28
1968-05-08,0,101.28
1968-05-15,0,101.28
1968-05-22,0,100.28
1968-05-29,0,100.26
1968-06-05,0,100.25
1968-06-12,0,100.25
1968-06-19,0,100.25
1968-06-26,0,100.25
1968-07-03,0,100.25
1968-07-10,0,100.25
1968-07-17,0,100.25
1968-07-24,0,100.25
1968-07-31,0,100.25
1968-08-07,0,100.26
1968-08-14,0,100.26
1968-08-21,0,100.26
1968-08-28,0,100.26
1968-09-04,0,100.26
1968-09-11,0,100.26
1968-09-18,0,100.26
1968-09-25,0,100.26
1968-10-02,0,100.26
1968-10-09,0,100.26
1968-10-16,0,100.26
1968-10-23,0,100.26
1968-10-30,0,100.26
1968-11-06,0,100.26
1968-11-13,0,100.26
1968-11-20,0,100.26
1968-11-27,0,100.26
1968-12-04,0,100.26
1968-12-11,0,100.26
1968-12-18,0,100.26
1968-12-25,0,100.26
1968-12-31,0,100.26
1969-01-08,0,100.25
1969-01-15,0,100.25
1969-01-22,0,100.25
1969-01-29,0,100.25
1969-02-05,0,100.25
1969-02-12,0,100.25
1969-02-19,0,100.25
1969-02-26,0,100.25
1969-03-05,0,100.25
1969-03-12,0,100.25
1969-03-19,0,100.25
1969-03-26,0,100.25
1969-04-02,0,100.25
1969-04-09,0,100.25
1969-04-16,0,100.24
1969-04-23,0,100.24
1969-04-30,0,100.23
1969-05-07,0,100.23
1969-05-14,0,100.23
1969-05-21,0,100.22
1969-05-28,0,100.22
1969-06-04,0,100.22
1969-06-11,0,100.22
1969-06-18,0,100.22
1969-06-25,0,100.22
1969-07-02,0,100.27
1969-07-09,0,100.27
1969-07-16,0,100.27
1969-07-23,0,100.27
1969-07-30,0,100.27
1969-08-06,0,100.27
1969-08-13,0,100.27
1969-08-20,0,100.27
1969-08-27,0,100.27
1969-09-03,0,100.27
1969-09-10,0,100.27
1969-09-17,0,100.27
1969-09-24,0,100.27
1969-10-01,0,100.36
1969-10-08,0,100.36
1969-10-15,0,100.36
1969-10-22,0,100.36
1969-10-29,0,100.36
1969-11-05,0,100.36
1969-11-12,0,100.36
1969-11-19,0,100.36
1969-11-26,0,100.36
1969-12-03,0,100.36
1969-12-10,0,100.36
1969-12-17,1,100.36
1969-12-24,1,100.36
1969-12-31,1,100.36
1970-01-07,1,100.36
1970-01-14,1,110.36
1970-01-21,1,110.36
1970-01-28,1,110.36
1970-02-04,1,110.45
1970-02-11,1,110.45
1970-02-18,1,110.45
1970-02-25,1,110.45
1970-03-04,1,110.45
1970-03-11,1,110.45
1970-03-18,1,110.45
1970-03-25,1,110.45
1970-04-01,1,110.45
1970-04-08,1,110.45
1970-04-15,1,110.45
1970-04-22,1,110.45
1970-04-29,1,110.45
1970-05-06,1,110.45
1970-05-13,1,110.45
1970-05-20,1,110.45
1970-05-27,1,110.45
1970-06-03,1,110.45
1970-06-10,1,110.45
1970-06-17,1,110.45
1970-06-24,1,110.45
1970-07-01,1,110.45
1970-07-08,1,110.45
1970-07-15,1,110.45
1970-07-22,1,110.45
1970-07-29,1,110.45
1970-08-05,1,110.45
1970-08-12,1,110.45
1970-08-19,1,110.45
1970-08-26,1,110.45
1970-09-02,1,110.45
1970-09-09,1,110.45
1970-09-16,1,110.45
1970-09-23,1,108.19
1970-09-30,1,108.19
1970-10-07,1,108.19
1970-10-14,1,108.19
1970-10-21,1,108.19
1970-10-28,1,108.19
1970-11-04,1,108.27
1970-11-11,1,108.27
1970-11-18,0,108.27
1970-11-25,0,108.27
1970-12-02,0,108.27
1970-12-09,0,108.34
1970-12-16,0,108.34
1970-12-23,0,108.42
1970-12-30,0,108.42
1971-01-06,0,104.64
1971-01-13,0,104.64
1971-01-20,0,104.64
1971-01-27,0,104.64
1971-02-03,0,104.64
1971-02-10,0,104.64
1971-02-17,0,104.64
1971-02-24,0,104.64
1971-03-03,0,104.64
1971-03-10,0,104.64
1971-03-17,0,104.64
1971-03-24,0,104.64
1971-03-31,0,104.64
1971-04-07,0,104.64
1971-04-14,0,104.64
1971-04-21,0,104.64
1971-04-28,0,104.75
1971-05-05,0,104.75
1971-05-12,0,100.75
1971-05-19,0,100.75
1971-05-26,0,100.75
1971-06-02,0,100.75
1971-06-09,0,100.75
1971-06-16,0,100.75
1971-06-23,0,100.75
1971-06-30,0,100.75
1971-07-07,0,100.75
1971-07-14,0,100.75
1971-07-21,0,100.75
1971-07-28,0,100.75
1971-08-04,0,100.75
1971-08-11,0,98.75
1971-08-18,0,98.75
1971-08-25,0,98.75
1971-09-01,0,98.75
1971-09-08,0,98.75
1971-09-15,0,98.75
1971-09-22,0,98.75
1971-09-29,0,98.75
1971-10-06,0,98.75
1971-10-13,0,98.75
1971-10-20,0,98.75
1971-10-27,0,98.75
1971-11-03,0,98.75
1971-11-10,0,98.75
1971-11-17,0,98.75
1971-11-24,0,98.75
1971-12-01,0,98.75
1971-12-08,0,98.75
1971-12-15,0,98.75
1971-12-22,0,98.75
1971-12-29,0,98.75
1972-01-05,0,98.75
1972-01-12,0,98.75
1972-01-19,0,98.75
1972-01-26,0,98.75
1972-02-02,0,98.75
1972-02-09,0,98.75
1972-02-16,0,94.75
1972-02-23,0,94.75
1972-03-01,0,94.75
1972-03-08,0,94.75
1972-03-15,0,94.75
1972-03-22,0,94.75
1972-03-29,0,94.75
1972-04-05,0,94.75
1972-04-12,0,94.75
1972-04-19,0,94.75
1972-04-26,0,94.75
1972-05-03,0,94.75
1972-05-10,0,94.75
1972-05-17,0,103.03
1972-05-24,0,103.03
1972-05-31,0,103.03
1972-06-07,0,103.03
1972-06-14,0,103.03
1972-06-21,0,103.03
1972-06-28,0,103.03
1972-07-05,0,103.03
1972-07-12,0,103.03
1972-07-19,0,103.03
1972-07-26,0,103.03
1972-08-02,0,103.03
1972-08-09,0,103.03
1972-08-16,0,103.03
1972-08-23,0,103.03
1972-08-30,0,103.03
1972-09-06,0,103.03
1972-09-13,0,103.03
1972-09-20,0,103.03
1972-09-27,0,103.03
1972-10-04,0,103.03
1972-10-11,0,103.03
1972-10-18,0,103.03
1972-10-25,0,103.03
1972-11-01,0,103.03
1972-11-08,0,103.03
1972-11-15,0,103.03
1972-11-22,0,103.03
1972-11-29,0,103.03
1972-12-06,0,103.03
1972-12-13,0,103.03
1972-12-20,0,103.03
1972-12-27,0,103.03
1973-01-03,0,103.03
1973-01-10,0,103.03
1973-01-17,0,103.03
1973-01-24,0,103.03
1973-01-31,0,103.03
1973-02-07,0,103.03
1973-02-14,0,103.03
1973-02-21,0,103.03
1973-02-28,0,103.03
1973-03-07,0,103.03
1973-03-14,0,103.03
1973-03-21,0,103.03
1973-03-28,0,103.03
1973-04-04,0,103.03
1973-04-11,0,103.03
1973-04-18,0,103.03
1973-04-25,0,103.03
1973-05-02,0,103.03
1973-05-09,0,103.03
1973-05-16,0,103.03
1973-05-23,0,103.03
1973-05-30,0,103.03
1973-06-06,0,103.03
1973-06-13,0,103.03
1973-06-20,0,103.03
1973-06-27,0,103.03
1973-07-04,0,103.03
1973-07-11,0,103.03
1973-07-18,0,103.03
1973-07-25,0,103.03
1973-08-01,0,103.03
1973-08-08,0,103.03
1973-08-15,0,103.01
1973-08-22,0,103.03
1973-08-29,0,103.03
1973-09-05,0,103.03
1973-09-12,0,103.03
1973-09-19,0,103.03
1973-09-26,0,103.03
1973-10-03,0,103.03
1973-10-10,0,103.03
1973-10-17,0,103.03
1973-10-24,0,103.03
1973-10-31,0,114.6
1973-11-07,0,114.6
1973-11-14,0,114.6
1973-11-21,1,114.6
1973-11-28,1,114.6
1973-12-05,1,114.6
1973-12-12,1,114.6
1973-12-19,1,114.6
1973-12-26,1,114.6
1974-01-02,1,114.6
1974-01-09,1,114.6
1974-01-16,1,114.6
1974-01-23,1,114.6
1974-01-30,1,114.6
1974-02-06,1,114.6
1974-02-13,1,114.6
1974-02-20,1,114.6
1974-02-27,1,114.6
1974-03-06,1,114.6
1974-03-13,1,114.6
1974-03-20,1,114.6
1974-03-27,1,114.6
1974-04-03,1,114.6
1974-04-10,1,114.6
1974-04-17,1,114.6
1974-04-24,1,114.6
1974-05-01,1,114.6
1974-05-08,1,114.6
1974-05-15,1,114.6
1974-05-22,1,114.6
1974-05-29,1,114.6
1974-06-05,1,114.6
1974-06-12,1,114.6
1974-06-19,1,114.6
1974-06-26,1,114.6
1974-07-03,1,114.6
1974-07-10,1,114.6
1974-07-17,1,114.6
1974-07-24,1,114.6
1974-07-31,1,114.6
1974-08-07,1,114.6
1974-08-14,1,114.6
1974-08-21,1,114.6
1974-08-28,1,114.6
1974-09-04,1,114.6
1974-09-11,1,114.6
1974-09-18,1,114.6
1974-09-25,1,114.6
1974-10-02,1,114.6
1974-10-09,1,114.6
1974-10-16,1,114.6
1974-10-23,1,114.6
1974-10-30,1,114.6
1974-11-06,1,114.6
1974-11-13,1,114.6
1974-11-20,1,114.6
1974-11-27,1,114.6
1974-12-04,1,114.6
1974-12-11,1,116.52
1974-12-18,1,116.52
1974-12-25,1,116.52
1975-01-01,1,116.52
1975-01-08,1,116.52
1975-01-15,1,116.52
1975-01-22,1,116.52
1975-01-29,1,116.35
1975-02-05,1,116.29
1975-02-12,1,116.25
1975-02-19,1,116.21
1975-02-26,1,116.21
1975-03-05,1,116.2
1975-03-12,1,116.2
1975-03-19,0,116.2
1975-03-26,0,116.2
1975-04-02,0,116.21
1975-04-09,0,116.2
1975-04-16,0,116.2
1975-04-23,0,116.2
1975-04-30,0,116.2
1975-05-07,0,116.2
1975-05-14,0,116.2
1975-05-21,0,116.2
1975-05-28,0,116.2
1975-06-04,0,116.2
1975-06-11,0,116.2
1975-06-18,0,116.2
1975-06-25,0,116.2
1975-07-02,0,116.2
1975-07-09,0,116.2
1975-07-16,0,116.2
1975-07-23,0,116.2
1975-07-30,0,116.2
1975-08-06,0,116.08
1975-08-13,0,116.02
1975-08-20,0,116.0
1975-08-27,0,115.99
1975-09-03,0,115.98
1975-09-10,0,115.99
1975-09-17,0,115.99
1975-09-24,0,115.99
1975-10-01,0,115.99
1975-10-08,0,115.99
1975-10-15,0,115.99
1975-10-22,0,115.99
1975-10-29,0,115.99
1975-11-05,0,115.99
1975-11-12,0,115.99
1975-11-19,0,115.99
1975-11-26,0,115.99
1975-12-03,0,115.99
1975-12-10,0,115.99
1975-12-17,0,115.99
1975-12-24,0,115.99
1975-12-31,0,115.99
1976-01-07,0,115.99
1976-01-14,0,115.99
1976-01-21,0,115.99
1976-01-28,0,115.99
1976-02-04,0,115.99
1976-02-11,0,115.99
1976-02-18,0,115.99
1976-02-25,0,115.99
1976-03-03,0,115.99
1976-03-10,0,115.99
1976-03-17,0,115.99
1976-03-24,0,115.99
1976-03-31,0,115.99
1976-04-07,0,115.99
1976-04-14,0,115.99
1976-04-21,0,115.99
1976-04-28,0,115.99
1976-05-05,0,115.99
1976-05-12,0,115.99
1976-05-19,0,115.99
1976-05-26,0,115.98
1976-06-02,0,115.98
1976-06-09,0,115.98
1976-06-16,0,115.98
1976-06-23,0,115.98
1976-06-30,0,115.98
1976-07-07,0,115.98
1976-07-14,0,115.98
1976-07-21,0,115.98
1976-07-28,0,115.98
1976-08-04,0,115.98
1976-08-11,0,115.98
1976-08-18,0,115.98
1976-08-25,0,115.98
1976-09-01,0,115.98
1976-09-08,0,115.98
1976-09-15,0,115.98
1976-09-22,0,115.98
1976-09-29,0,115.98
1976-10-06,0,115.98
1976-10-13,0,115.98
1976-10-20,0,115.98
1976-10-27,0,115.98
1976-11-03,0,115.98
1976-11-10,0,115.98
1976-11-17,0,115.98
1976-11-24,0,115.98
1976-12-01,0,115.98
1976-12-08,0,115.98
1976-12-15,0,115.98
1976-12-22,0,115.98
1976-12-29,0,115.98
1977-01-05,0,115.98
1977-01-12,0,116.58
1977-01-19,0,116.58
1977-01-26,0,116.58
1977-02-02,0,116.58
1977-02-09,0,116.58
1977-02-16,0,116.58
1977-02-23,0,116.51
1977-03-02,0,116.51
1977-03-09,0,116.51
1977-03-16,0,116.51
1977-03-23,0,116.36
1977-03-30,0,116.36
1977-04-06,0,116.36
1977-04-13,0,116.36
1977-04-20,0,116.36
1977-04-27,0,116.36
1977-05-04,0,116.36
1977-05-11,0,116.36
1977-05-18,0,116.29
1977-05-25,0,116.29
1977-06-01,0,116.29
1977-06-08,0,116.29
1977-06-15,0,116.29
1977-06-22,0,116.29
1977-06-29,0,116.2
1977-07-06,0,116.2
1977-07-13,0,116.05
1977-07-20,0,116.05
1977-07-27,0,116.05
1977-08-03,0,115.95
1977-08-10,0,115.95
1977-08-17,0,115.95
1977-08-24,0,115.95
1977-08-31,0,115.95
1977-09-07,0,115.95
1977-09-14,0,115.95
1977-09-21,0,115.95
1977-09-28,0,115.95
1977-10-05,0,115.95
1977-10-12,0,115.95
1977-10-19,0,115.95
1977-10-26,0,115.95
1977-11-02,0,115.95
1977-11-09,0,115.95
1977-11-16,0,115.95
1977-11-23,0,115.95
1977-11-30,0,115.95
1977-12-07,0,116.58
1977-12-14,0,117.18
1977-12-21,0,117.18
1977-12-28,0,117.18
1978-01-04,0,117.19
1978-01-11,0,117.19
1978-01-18,0,117.19
1978-01-25,0,117.19
1978-02-01,0,117.18
1978-02-08,0,117.18
1978-02-15,0,117.18
1978-02-22,0,117.18
1978-03-01,0,117.18
1978-03-08,0,117.18
1978-03-15,0,117.18
1978-03-22,0,117.18
1978-03-29,0,117.18
1978-04-05,0,117.18
1978-04-12,0,117.18
1978-04-19,0,117.18
1978-04-26,0,117.18
1978-05-03,0,117.18
1978-05-10,0,117.18
1978-05-17,0,117.18
1978-05-24,0,117.18
1978-05-31,0,117.18
1978-06-07,0,117.18
1978-06-14,0,117.06
1978-06-21,0,117.06
1978-06-28,0,117.06
1978-07-05,0,117.06
1978-07-12,0,116.95
1978-07-19,0,116.93
1978-07-26,0,116.93
1978-08-02,0,116.92
1978-08-09,0,116.83
1978-08-16,0,116.8
1978-08-23,0,116.8
1978-08-30,0,116.8
1978-09-06,0,116.79
1978-09-13,0,116.68
1978-09-20,0,116.68
1978-09-27,0,116.68
1978-10-04,0,116.68
1978-10-11,0,116.67
1978-10-18,0,116.55
1978-10-25,0,116.55
1978-11-01,0,116.55
1978-11-08,0,116.49
1978-11-15,0,116.42
1978-11-22,0,116.42
1978-11-29,0,116.42
1978-12-06,0,116.4
1978-12-13,0,116.35
1978-12-20,0,116.11
1978-12-27,0,116.71
1979-01-03,0,116.71
1979-01-10,0,116.24
1979-01-17,0,116.08
1979-01-24,0,116.08
1979-01-31,0,115.92
1979-02-07,0,115.5
1979-02-14,0,115.44
1979-02-21,0,115.44
1979-02-28,0,115.44
1979-03-07,0,115.44
1979-03-14,0,115.32
1979-03-21,0,114.81
1979-03-28,0,114.81
1979-04-04,0,114.76
1979-04-11,0,114.34
1979-04-18,0,114.18
1979-04-25,0,114.18
1979-05-02,0,114.16
1979-05-09,0,113.82
1979-05-16,0,113.54
1979-05-23,0,113.54
1979-05-30,0,113.54
1979-06-06,0,113.25
1979-06-13,0,113.23
1979-06-20,0,113.23
1979-06-27,0,113.23
1979-07-04,0,113.21
1979-07-11,0,112.95
1979-07-18,0,112.91
1979-07-25,0,112.91
1979-08-01,0,112.9
1979-08-08,0,112.6
1979-08-15,0,112.59
1979-08-22,0,112.59
1979-08-29,0,112.59
1979-09-05,0,112.59
1979-09-12,0,112.29
1979-09-19,0,112.28
1979-09-26,0,112.28
1979-10-03,0,112.28
1979-10-10,0,112.12
1979-10-17,0,111.96
1979-10-24,0,111.96
1979-10-31,0,111.94
1979-11-07,0,111.64
1979-11-14,0,111.64
1979-11-21,0,111.64
1979-11-28,0,111.12
1979-12-05,0,111.12
1979-12-12,0,111.12
1979-12-19,0,111.12
1979-12-26,0,111.12
1980-01-02,0,111.12
1980-01-09,0,111.72
1980-01-16,1,111.72
1980-01-23,1,111.72
1980-01-30,1,111.72
1980-02-06,1,111.72
1980-02-13,1,111.72
1980-02-20,1,111.72
1980-02-27,1,111.72
1980-03-05,1,111.72
1980-03-12,1,111.72
1980-03-19,1,111.72
1980-03-26,1,111.72
1980-04-02,1,111.72
1980-04-09,1,111.72
1980-04-16,1,111.72
1980-04-23,1,111.72
1980-04-30,1,111.72
1980-05-07,1,111.72
1980-05-14,1,111.72
1980-05-21,1,111.72
1980-05-28,1,111.72
1980-06-04,1,111.72
1980-06-11,1,111.72
1980-06-18,1,111.72
1980-06-25,1,111.72
1980-07-02,1,111.72
1980-07-09,1,111.72
1980-07-16,0,111.72
1980-07-23,0,111.72
1980-07-30,0,111.71
1980-08-06,0,111.72
1980-08-13,0,111.72
1980-08-20,0,111.71
1980-08-27,0,111.71
1980-09-03,0,111.72
1980-09-10,0,111.7
1980-09-17,0,111.69
1980-09-24,0,111.68
1980-10-01,0,111.68
1980-10-08,0,111.66
1980-10-15,0,111.65
1980-10-22,0,111.64
1980-10-29,0,111.63
1980-11-05,0,111.63
1980-11-12,0,111.63
1980-11-19,0,111.63
1980-11-26,0,111.62
1980-12-03,0,111.62
1980-12-10,0,111.61
1980-12-17,0,111.61
1980-12-24,0,111.61
1980-12-31,0,111.61
1981-01-07,0,111.61
1981-01-14,0,111.6
1981-01-21,0,111.59
1981-01-28,0,111.59
1981-02-04,0,111.59
1981-02-11,0,111.59
1981-02-18,0,111.59
1981-02-25,0,111.58
1981-03-04,0,111.56
1981-03-11,0,111.56
1981-03-18,0,111.56
1981-03-25,0,111.55
1981-04-01,0,111.54
1981-04-08,0,111.54
1981-04-15,0,111.54
1981-04-22,0,111.54
1981-04-29,0,111.54
1981-05-06,0,111.54
1981-05-13,0,111.54
1981-05-20,0,111.54
1981-05-27,0,111.54
1981-06-03,0,111.54
1981-06-10,0,111.54
1981-06-17,0,111.54
1981-06-24,0,111.54
1981-07-01,0,111.54
1981-07-08,0,111.54
1981-07-15,1,111.54
1981-07-22,1,111.54
1981-07-29,1,111.54
1981-08-05,1,111.54
1981-08-12,1,111.54
1981-08-19,1,111.54
1981-08-26,1,111.54
1981-09-02,1,111.54
1981-09-09,1,111.54
1981-09-16,1,111.54
1981-09-23,1,111.54
1981-09-30,1,111.52
1981-10-07,1,111.52
1981-10-14,1,111.52
1981-10-21,1,111.52
1981-10-28,1,111.52
1981-11-04,1,111.52
1981-11-11,1,111.52
1981-11-18,1,111.52
1981-11-25,1,111.52
1981-12-02,1,111.52
1981-12-09,1,111.52
1981-12-16,1,111.52
1981-12-23,1,111.52
1981-12-30,1,111.51
1982-01-06,1,111.51
1982-01-13,1,111.51
1982-01-20,1,111.51
1982-01-27,1,111.51
1982-02-03,1,111.51
1982-02-10,1,111.51
1982-02-17,1,111.51
1982-02-24,1,111.5
1982-03-03,1,111.5
1982-03-10,1,111.5
1982-03-17,1,111.5
1982-03-24,1,111.5
1982-03-31,1,111.5
1982-04-07,1,111.5
1982-04-14,1,111.5
1982-04-21,1,111.5
1982-04-28,1,111.5
1982-05-05,1,111.49
1982-05-12,1,111.49
1982-05-19,1,111.49
1982-05-26,1,111.49
1982-06-02,1,111.49
1982-06-09,1,111.49
1982-06-16,1,111.49
1982-06-23,1,111.49
1982-06-30,1,111.49
1982-07-07,1,111.49
1982-07-14,1,111.49
1982-07-21,1,111.49
1982-07-28,1,111.49
1982-08-04,1,111.49
1982-08-11,1,111.48
1982-08-18,1,111.48
1982-08-25,1,111.48
1982-09-01,1,111.48
1982-09-08,1,111.48
1982-09-15,1,111.48
1982-09-22,1,111.48
1982-09-29,1,111.48
1982-10-06,1,111.48
1982-10-13,1,111.48
1982-10-20,1,111.48
1982-10-27,1,111.48
1982-11-03,1,111.48
1982-11-10,1,111.48
1982-11-17,0,111.48
1982-11-24,0,111.48
1982-12-01,0,111.48
1982-12-08,0,111.48
1982-12-15,0,111.48
1982-12-22,0,111.48
1982-12-29,0,111.48
1983-01-05,0,111.48
1983-01-12,0,111.46
1983-01-19,0,111.46
1983-01-26,0,111.44
1983-02-02,0,111.44
1983-02-09,0,111.44
1983-02-16,0,111.42
1983-02-23,0,111.39
1983-03-02,0,111.39
1983-03-09,0,111.38
1983-03-16,0,111.38
1983-03-23,0,111.38
1983-03-30,0,111.38
1983-04-06,0,111.38
1983-04-13,0,111.37
1983-04-20,0,111.37
1983-04-27,0,111.35
1983-05-04,0,111.35
1983-05-11,0,111.32
1983-05-18,0,111.32
1983-05-25,0,111.32
1983-06-01,0,111.32
1983-06-08,0,111.31
1983-06-15,0,111.31
1983-06-22,0,111.31
1983-06-29,0,111.31
1983-07-06,0,111.31
1983-07-13,0,111.31
1983-07-20,0,111.31
1983-07-27,0,111.31
1983-08-03,0,111.31
1983-08-10,0,111.28
1983-08-17,0,111.28
1983-08-24,0,111.28
1983-08-31,0,111.28
1983-09-07,0,111.28
1983-09-14,0,111.28
1983-09-21,0,111.28
1983-09-28,0,111.28
1983-10-05,0,111.28
1983-10-12,0,111.28
1983-10-19,0,111.27
1983-10-26,0,111.26
1983-11-02,0,111.26
1983-11-09,0,111.23
1983-11-16,0,111.23
1983-11-23,0,111.23
1983-11-30,0,111.23
1983-12-07,0,111.23
1983-12-14,0,111.23
1983-12-21,0,111.23
1983-12-28,0,111.23
1984-01-04,0,111.21
1984-01-11,0,111.21
1984-01-18,0,111.2
1984-01-25,0,111.2
1984-02-01,0,111.2
1984-02-08,0,111.19
1984-02-15,0,111.18
1984-02-22,0,111.17
1984-02-29,0,111.16
1984-03-07,0,111.16
1984-03-14,0,111.16
1984-03-21,0,111.14
1984-03-28,0,111.14
1984-04-04,0,111.11
1984-04-11,0,111.09
1984-04-18,0,111.09
1984-04-25,0,111.09
1984-05-02,0,111.07
1984-05-09,0,111.07
1984-05-16,0,111.07
1984-05-23,0,111.04
1984-05-30,0,111.04
1984-06-06,0,111.04
1984-06-13,0,111.04
1984-06-20,0,111.03
1984-06-27,0,111.0
1984-07-04,0,111.0
1984-07-11,0,110.99
1984-07-18,0,110.99
1984-07-25,0,110.99
1984-08-01,0,110.99
1984-08-08,0,110.99
1984-08-15,0,110.99
1984-08-22,0,110.99
1984-08-29,0,110.98
1984-09-05,0,110.98
1984-09-12,0,110.98
1984-09-19,0,110.98
1984-09-26,0,110.97
1984-10-03,0,110.97
1984-10-10,0,110.97
1984-10-17,0,110.97
1984-10-24,0,110.96
1984-10-31,0,110.96
1984-11-07,0,110.96
1984-11-14,0,110.96
1984-11-21,0,110.96
1984-11-28,0,110.96
1984-12-05,0,110.96
1984-12-12,0,110.96
1984-12-19,0,110.96
1984-12-26,0,110.96
1985-01-02,0,110.96
1985-01-09,0,110.96
1985-01-16,0,110.95
1985-01-23,0,110.95
1985-01-30,0,110.95
1985-02-06,0,110.95
1985-02-13,0,110.94
1985-02-20,0,110.94
1985-02-27,0,110.93
1985-03-06,0,110.93
1985-03-13,0,110.93
1985-03-20,0,110.93
1985-03-27,0,110.93
1985-04-03,0,110.93
1985-04-10,0,110.93
1985-04-17,0,110.93
1985-04-24,0,110.91
1985-05-01,0,110.91
1985-05-08,0,110.91
1985-05-15,0,110.91
1985-05-22,0,110.91
1985-05-29,0,110.91
1985-06-05,0,110.91
1985-06-12,0,110.9
1985-06-19,0,110.9
1985-06-26,0,110.9
1985-07-03,0,110.9
1985-07-10,0,110.9
1985-07-17,0,110.9
1985-07-24,0,110.9
1985-07-31,0,110.9
1985-08-07,0,110.9
1985-08-14,0,110.9
1985-08-21,0,110.9
1985-08-28,0,110.9
1985-09-04,0,110.9
1985-09-11,0,110.9
1985-09-18,0,110.9
1985-09-25,0,110.9
1985-10-02,0,110.9
1985-10-09,0,110.9
1985-10-16,0,110.9
1985-10-23,0,110.9
1985-10-30,0,110.9
1985-11-06,0,110.9
1985-11-13,0,110.9
1985-11-20,0,110.9
1985-11-27,0,110.9
1985-12-04,0,110.9
1985-12-11,0,110.9
1985-12-18,0,110.9
1985-12-25,0,110.9
1985-12-31,0,110.9
1986-01-08,0,110.9
1986-01-15,0,110.9
1986-01-22,0,110.9
1986-01-29,0,110.9
1986-02-05,0,110.9
1986-02-12,0,110.9
1986-02-19,0,110.9
1986-02-26,0,110.9
1986-03-05,0,110.9
1986-03-12,0,110.9
1986-03-19,0,110.9
1986-03-26,0,110.9
1986-04-02,0,110.9
1986-04-09,0,110.9
1986-04-16,0,110.9
1986-04-23,0,110.9
1986-04-30,0,110.89
1986-05-07,0,110.85
1986-05-14,0,110.85
1986-05-21,0,110.85
1986-05-28,0,110.85
1986-06-04,0,110.85
1986-06-11,0,110.85
1986-06-18,0,110.84
1986-06-25,0,110.84
1986-07-02,0,110.84
1986-07-09,0,110.84
1986-07-16,0,110.84
1986-07-23,0,110.84
1986-07-30,0,110.84
1986-08-06,0,110.84
1986-08-13,0,110.84
1986-08-20,0,110.84
1986-08-27,0,110.84
1986-09-03,0,110.84
1986-09-10,0,110.84
1986-09-17,0,110.84
1986-09-24,0,110.84
1986-10-01,0,110.84
1986-10-08,0,110.84
1986-10-15,0,110.84
1986-10-22,0,110.84
1986-10-29,0,110.84
1986-11-05,0,110.84
1986-11-12,0,110.84
1986-11-19,0,110.84
1986-11-26,0,110.84
1986-12-03,0,110.84
1986-12-10,0,110.84
1986-12-17,0,110.84
1986-12-24,0,110.84
1986-12-31,0,110.84
1987-01-07,0,110.84
1987-01-14,0,110.84
1987-01-21,0,110.84
1987-01-28,0,110.75
1987-02-04,0,110.6
1987-02-11,0,110.6
1987-02-18,0,110.59
1987-02-25,0,110.59
1987-03-04,0,110.59
1987-03-11,0,110.85
1987-03-18,0,110.84
1987-03-25,0,110.83
1987-04-01,0,110.81
1987-04-08,0,110.8
1987-04-15,0,110.78
1987-04-22,0,110.78
1987-04-29,0,110.77
1987-05-06,0,110.76
1987-05-13,0,110.74
1987-05-20,0,110.72
1987-05-27,0,110.72
1987-06-03,0,110.7
1987-06-10,0,110.69
1987-06-17,0,110.68
1987-06-24,0,110.69
1987-07-01,0,110.69
1987-07-08,0,110.69
1987-07-15,0,110.69
1987-07-22,0,110.69
1987-07-29,0,110.69
1987-08-05,0,110.69
1987-08-12,0,110.69
1987-08-19,0,110.69
1987-08-26,0,110.68
1987-09-02,0,110.68
1987-09-09,0,110.68
1987-09-16,0,110.68
1987-09-23,0,110.68
1987-09-30,0,110.75
1987-10-07,0,110.85
1987-10-14,0,110.86
1987-10-21,0,110.85
1987-10-28,0,110.85
1987-11-04,0,110.85
1987-11-11,0,110.84
1987-11-18,0,110.83
1987-11-25,0,110.83
1987-12-02,0,110.83
1987-12-09,0,110.82
1987-12-16,0,110.81
1987-12-23,0,110.79
1987-12-30,0,110.78
1988-01-06,0,110.77
1988-01-13,0,110.75
1988-01-20,0,110.72
1988-01-27,0,110.71
1988-02-03,0,110.67
1988-02-10,0,110.65
1988-02-17,0,110.65
1988-02-24,0,110.63
1988-03-02,0,110.63
1988-03-09,0,110.63
1988-03-16,0,110.63
1988-03-23,0,110.62
1988-03-30,0,110.63
1988-04-06,0,110.63
1988-04-13,0,110.63
1988-04-20,0,110.63
1988-04-27,0,110.63
1988-05-04,0,110.63
1988-05-11,0,110.63
1988-05-18,0,110.63
1988-05-25,0,110.63
1988-06-01,0,110.63
1988-06-08,0,110.63
1988-06-15,0,110.63
1988-06-22,0,110.63
1988-06-29,0,110.63
1988-07-06,0,110.63
1988-07-13,0,110.63
1988-07-20,0,110.63
1988-07-27,0,110.62
1988-08-03,0,110.62
1988-08-10,0,110.62
1988-08-17,0,110.62
1988-08-24,0,110.62
1988-08-31,0,110.61
1988-09-07,0,110.62
1988-09-14,0,110.62
1988-09-21,0,110.63
1988-09-28,0,110.63
1988-10-05,0,110.64
1988-10-12,0,110.67
1988-10-19,0,110.63
1988-10-26,0,110.63
1988-11-02,0,110.62
1988-11-09,0,110.62
1988-11-16,0,110.6
1988-11-23,0,110.61
1988-11-30,0,110.59
1988-12-07,0,110.62
1988-12-14,0,110.61
1988-12-21,0,110.6
1988-12-28,0,110.6
1989-01-04,0,110.6
1989-01-11,0,110.57
1989-01-18,0,110.56
1989-01-25,0,110.56
1989-02-01,0,110.56
1989-02-08,0,110.58
1989-02-15,0,110.61
1989-02-22,0,110.61
1989-03-01,0,110.6
1989-03-08,0,110.61
1989-03-15,0,110.6
1989-03-22,0,110.6
1989-03-29,0,110.61
1989-04-05,0,110.6
1989-04-12,0,110.6
1989-04-19,0,110.61
1989-04-26,0,110.6
1989-05-03,0,110.61
1989-05-10,0,110.61
1989-05-17,0,110.61
1989-05-24,0,110.6
1989-05-31,0,110.6
1989-06-07,0,110.6
1989-06-14,0,110.6
1989-06-21,0,110.61
1989-06-28,0,110.62
1989-07-05,0,110.66
1989-07-12,0,110.67
1989-07-19,0,110.67
1989-07-26,0,110.67
1989-08-02,0,110.66
1989-08-09,0,110.66
1989-08-16,0,110.66
1989-08-23,0,110.66
1989-08-30,0,110.66
1989-09-06,0,110.66
1989-09-13,0,110.65
1989-09-20,0,110.65
1989-09-27,0,110.65
1989-10-04,0,110.65
1989-10-11,0,110.64
1989-10-18,0,110.63
1989-10-25,0,110.63
1989-11-01,0,110.62
1989-11-08,0,110.62
1989-11-15,0,110.62
1989-11-22,0,110.61
1989-11-29,0,110.6
1989-12-06,0,110.59
1989-12-13,0,110.59
1989-12-20,0,110.59
1989-12-27,0,110.59
1990-01-03,0,110.59
1990-01-10,0,110.6
1990-01-17,0,110.59
1990-01-24,0,110.59
1990-01-31,0,110.59
1990-02-07,0,110.59
1990-02-14,0,110.59
1990-02-21,0,110.59
1990-02-28,0,110.59
1990-03-07,0,110.59
1990-03-14,0,110.6
1990-03-21,0,110.59
1990-03-28,0,110.59
1990-04-04,0,110.6
1990-04-11,0,110.6
1990-04-18,0,110.6
1990-04-25,0,110.6
1990-05-02,0,110.6
1990-05-09,0,110.6
1990-05-16,0,110.62
1990-05-23,0,110.65
1990-05-30,0,110.65
1990-06-06,0,110.65
1990-06-13,0,110.65
1990-06-20,0,110.65
1990-06-27,0,110.65
1990-07-04,0,110.65
1990-07-11,0,110.65
1990-07-18,1,110.65
1990-07-25,1,110.64
1990-08-01,1,110.64
1990-08-08,1,110.64
1990-08-15,1,110.64
1990-08-22,1,110.64
1990-08-29,1,110.65
1990-09-05,1,110.65
1990-09-12,1,110.64
1990-09-19,1,110.65
1990-09-26,1,110.63
1990-10-03,1,110.62
1990-10-10,1,110.62
1990-10-17,1,110.61
1990-10-24,1,110.61
1990-10-31,1,110.6
1990-11-07,1,110.6
1990-11-14,1,110.59
1990-11-21,1,110.59
1990-11-28,1,110.59
1990-12-05,1,110.58
1990-12-12,1,110.58
1990-12-19,1,110.58
1990-12-26,1,110.58
1991-01-02,1,110.58
1991-01-09,1,110.58
1991-01-16,1,110.59
1991-01-23,1,110.59
1991-01-30,1,110.58
1991-02-06,1,110.58
1991-02-13,1,110.58
1991-02-20,1,110.58
1991-02-27,1,110.58
1991-03-06,1,110.58
1991-03-13,1,110.58
1991-03-20,0,110.58
1991-03-27,0,110.58
1991-04-03,0,110.58
1991-04-10,0,110.58
1991-04-17,0,110.58
1991-04-24,0,110.58
1991-05-01,0,110.58
1991-05-08,0,110.58
1991-05-15,0,110.58
1991-05-22,0,110.57
1991-05-29,0,110.57
1991-06-05,0,110.57
1991-06-12,0,110.61
1991-06-19,0,110.62
1991-06-26,0,110.62
1991-07-03,0,110.62
1991-07-10,0,110.62
1991-07-17,0,110.62
1991-07-24,0,110.62
1991-07-31,0,110.62
1991-08-07,0,110.62
1991-08-14,0,110.62
1991-08-21,0,110.62
1991-08-28,0,110.62
1991-09-04,0,110.62
1991-09-11,0,110.62
1991-09-18,0,110.62
1991-09-25,0,110.62
1991-10-02,0,110.62
1991-10-09,0,110.62
1991-10-16,0,110.61
1991-10-23,0,110.61
1991-10-30,0,110.6
1991-11-06,0,110.59
1991-11-13,0,110.59
1991-11-20,0,110.58
1991-11-27,0,110.58
1991-12-04,0,110.58
1991-12-11,0,110.58
1991-12-18,0,110.58
1991-12-25,0,110.58
1992-01-01,0,110.59
1992-01-08,0,110.58
1992-01-15,0,110.58
1992-01-22,0,110.58
1992-01-29,0,110.58
1992-02-05,0,110.58
1992-02-12,0,110.58
1992-02-19,0,110.58
1992-02-26,0,110.58
1992-03-04,0,110.58
1992-03-11,0,110.58
1992-03-18,0,110.58
1992-03-25,0,110.58
1992-04-01,0,110.57
1992-04-08,0,110.57
1992-04-15,0,110.57
1992-04-22,0,110.57
1992-04-29,0,110.57
1992-05-06,0,110.57
1992-05-13,0,110.57
1992-05-20,0,110.57
1992-05-27,0,110.57
1992-06-03,0,110.57
1992-06-10,0,110.57
1992-06-17,0,110.6
1992-06-24,0,110.6
1992-07-01,0,110.6
1992-07-08,0,110.59
1992-07-15,0,110.6
1992-07-22,0,110.59
1992-07-29,0,110.59
1992-08-05,0,110.59
1992-08-12,0,110.6
1992-08-19,0,110.59
1992-08-26,0,110.59
1992-09-02,0,110.59
1992-09-09,0,110.6
1992-09-16,0,110.6
1992-09-23,0,110.59
1992-09-30,0,110.58
1992-10-07,0,110.6
1992-10-14,0,110.59
1992-10-21,0,110.59
1992-10-28,0,110.59
1992-11-04,0,110.59
1992-11-11,0,110.6
1992-11-18,0,110.59
1992-11-25,0,110.59
1992-12-02,0,110.59
1992-12-09,0,110.58
1992-12-16,0,110.57
1992-12-23,0,110.56
1992-12-30,0,110.56
1993-01-06,0,110.56
1993-01-13,0,110.56
1993-01-20,0,110.55
1993-01-27,0,110.55
1993-02-03,0,110.55
1993-02-10,0,110.55
1993-02-17,0,110.55
1993-02-24,0,110.55
1993-03-03,0,110.55
1993-03-10,0,110.55
1993-03-17,0,110.55
1993-03-24,0,110.55
1993-03-31,0,110.54
1993-04-07,0,110.54
1993-04-14,0,110.54
1993-04-21,0,110.54
1993-04-28,0,110.54
1993-05-05,0,110.54
1993-05-12,0,110.54
1993-05-19,0,110.54
1993-05-26,0,110.54
1993-06-02,0,110.53
1993-06-09,0,110.53
1993-06-16,0,110.58
1993-06-23,0,110.58
1993-06-30,0,110.57
1993-07-07,0,110.57
1993-07-14,0,110.57
1993-07-21,0,110.57
1993-07-28,0,110.57
1993-08-04,0,110.57
1993-08-11,0,110.57
1993-08-18,0,110.57
1993-08-25,0,110.57
1993-09-01,0,110.56
1993-09-08,0,110.56
1993-09-15,0,110.56
1993-09-22,0,110.56
1993-09-29,0,110.57
1993-10-06,0,110.56
1993-10-13,0,110.56
1993-10-20,0,110.56
1993-10-27,0,110.55
1993-11-03,0,110.55
1993-11-10,0,110.54
1993-11-17,0,110.54
1993-11-24,0,110.54
1993-12-01,0,110.54
1993-12-08,0,110.54
1993-12-15,0,110.54
1993-12-22,0,110.54
1993-12-29,0,110.53
1994-01-05,0,110.54
1994-01-12,0,110.53
1994-01-19,0,110.53
1994-01-26,0,110.53
1994-02-02,0,110.53
1994-02-09,0,110.53
1994-02-16,0,110.53
1994-02-23,0,110.53
1994-03-02,0,110.53
1994-03-09,0,110.53
1994-03-16,0,110.53
1994-03-23,0,110.52
1994-03-30,0,110.52
1994-04-06,0,110.52
1994-04-13,0,110.52
1994-04-20,0,110.53
1994-04-27,0,110.52
1994-05-04,0,110.52
1994-05-11,0,110.52
1994-05-18,0,110.52
1994-05-25,0,110.53
1994-06-01,0,110.52
1994-06-08,0,110.52
1994-06-15,0,110.53
1994-06-22,0,110.52
1994-06-29,0,110.52
1994-07-06,0,110.52
1994-07-13,0,110.52
1994-07-20,0,110.52
1994-07-27,0,110.52
1994-08-03,0,110.52
1994-08-10,0,110.54
1994-08-17,0,110.54
1994-08-24,0,110.55
1994-08-31,0,110.54
1994-09-07,0,110.54
1994-09-14,0,110.54
1994-09-21,0,110.54
1994-09-28,0,110.54
1994-10-05,0,110.54
1994-10-12,0,110.54
1994-10-19,0,110.53
1994-10-26,0,110.53
1994-11-02,0,110.52
1994-11-09,0,110.52
1994-11-16,0,110.52
1994-11-23,0,110.52
1994-11-30,0,110.52
1994-12-07,0,110.51
1994-12-14,0,110.51
1994-12-21,0,110.51
1994-12-28,0,110.51
1995-01-04,0,110.5
1995-01-11,0,110.51
1995-01-18,0,110.5
1995-01-25,0,110.5
1995-02-01,0,110.5
1995-02-08,0,110.5
1995-02-15,0,110.5
1995-02-22,0,110.5
1995-03-01,0,110.5
1995-03-08,0,110.5
1995-03-15,0,110.51
1995-03-22,0,110.53
1995-03-29,0,110.53
1995-04-05,0,110.53
1995-04-12,0,110.54
1995-04-19,0,110.55
1995-04-26,0,110.55
1995-05-03,0,110.55
1995-05-10,0,110.55
1995-05-17,0,110.55
1995-05-24,0,110.54
1995-05-31,0,110.54
1995-06-07,0,110.54
1995-06-14,0,110.54
1995-06-21,0,110.54
1995-06-28,0,110.54
1995-07-05,0,110.53
1995-07-12,0,110.53
1995-07-19,0,110.53
1995-07-26,0,110.53
1995-08-02,0,110.53
1995-08-09,0,110.53
1995-08-16,0,110.53
1995-08-23,0,110.53
1995-08-30,0,110.53
1995-09-06,0,110.53
1995-09-13,0,110.53
1995-09-20,0,110.53
1995-09-27,0,110.51
1995-10-04,0,110.51
1995-10-11,0,110.51
1995-10-18,0,110.51
1995-10-25,0,110.51
1995-11-01,0,110.51
1995-11-08,0,110.51
1995-11-15,0,110.5
1995-11-22,0,110.5
1995-11-29,0,110.5
1995-12-06,0,110.5
1995-12-13,0,110.5
1995-12-20,0,110.5
1995-12-27,0,110.5
1996-01-03,0,110.5
1996-01-10,0,110.5
1996-01-17,0,110.5
1996-01-24,0,110.52
1996-01-31,0,110.52
1996-02-07,0,110.52
1996-02-14,0,110.53
1996-02-21,0,110.53
1996-02-28,0,110.53
1996-03-06,0,110.53
1996-03-13,0,110.53
1996-03-20,0,110.53
1996-03-27,0,110.53
1996-04-03,0,110.53
1996-04-10,0,110.53
1996-04-17,0,110.53
1996-04-24,0,110.52
1996-05-01,0,110.52
1996-05-08,0,110.51
1996-05-15,0,110.51
1996-05-22,0,110.51
1996-05-29,0,110.51
1996-06-05,0,110.51
1996-06-12,0,110.51
1996-06-19,0,110.51
1996-06-26,0,110.5
1996-07-03,0,110.5
1996-07-10,0,110.5
1996-07-17,0,110.5
1996-07-24,0,110.5
1996-07-31,0,110.5
1996-08-07,0,110.5
1996-08-14,0,110.5
1996-08-21,0,110.5
1996-08-28,0,110.5
1996-09-04,0,110.5
1996-09-11,0,110.5
1996-09-18,0,110.5
1996-09-25,0,110.5
1996-10-02,0,110.5
1996-10-09,0,110.49
1996-10-16,0,110.49
1996-10-23,0,110.49
1996-10-30,0,110.49
1996-11-06,0,110.49
1996-11-13,0,110.49
1996-11-20,0,110.49
1996-11-27,0,110.49
1996-12-04,0,110.49
1996-12-11,0,110.48
1996-12-18,0,110.49
1996-12-25,0,110.48
1997-01-01,0,110.48
1997-01-08,0,110.48
1997-01-15,0,110.48
1997-01-22,0,110.48
1997-01-29,0,110.48
1997-02-05,0,110.48
1997-02-12,0,110.5
1997-02-19,0,110.51
1997-02-26,0,110.51
1997-03-05,0,110.51
1997-03-12,0,110.51
1997-03-19,0,110.5
1997-03-26,0,110.5
1997-04-02,0,110.5
1997-04-09,0,110.52
1997-04-16,0,110.52
1997-04-23,0,110.52
1997-04-30,0,110.51
1997-05-07,0,110.52
1997-05-14,0,110.51
1997-05-21,0,110.51
1997-05-28,0,110.51
1997-06-04,0,110.5
1997-06-11,0,110.5
1997-06-18,0,110.5
1997-06-25,0,110.5
1997-07-02,0,110.5
1997-07-09,0,110.5
1997-07-16,0,110.5
1997-07-23,0,110.5
1997-07-30,0,110.51
1997-08-06,0,110.51
1997-08-13,0,110.51
1997-08-20,0,110.51
1997-08-27,0,110.51
1997-09-03,0,110.5
1997-09-10,0,110.51
1997-09-17,0,110.5
1997-09-24,0,110.5
1997-10-01,0,110.5
1997-10-08,0,110.5
1997-10-15,0,110.5
1997-10-22,0,110.5
1997-10-29,0,110.51
1997-11-05,0,110.51
1997-11-12,0,110.5
1997-11-19,0,110.5
1997-11-26,0,110.51
1997-12-03,0,110.5
1997-12-10,0,110.5
1997-12-17,0,110.49
1997-12-24,0,110.48
1997-12-31,0,110.47
1998-01-07,0,110.47
1998-01-14,0,110.46
1998-01-21,0,110.46
1998-01-28,0,110.44
1998-02-04,0,110.45
1998-02-11,0,110.47
1998-02-18,0,110.48
1998-02-25,0,110.5
1998-03-04,0,110.49
1998-03-11,0,110.5
1998-03-18,0,110.49
1998-03-25,0,110.49
1998-04-01,0,110.49
1998-04-08,0,110.49
1998-04-15,0,110.48
1998-04-22,0,110.49
1998-04-29,0,110.48
1998-05-06,0,110.48
1998-05-13,0,110.48
1998-05-20,0,110.48
1998-05-27,0,110.49
1998-06-03,0,110.48
1998-06-10,0,110.48
1998-06-17,0,110.48
1998-06-24,0,110.49
1998-07-01,0,110.47
1998-07-08,0,110.47
1998-07-15,0,110.47
1998-07-22,0,110.46
1998-07-29,0,110.47
1998-08-05,0,110.46
1998-08-12,0,110.45
1998-08-19,0,110.42
1998-08-26,0,110.46
1998-09-02,0,110.46
1998-09-09,0,110.44
1998-09-16,0,110.45
1998-09-23,0,110.45
1998-09-30,0,110.44
1998-10-07,0,110.44
1998-10-14,0,110.44
1998-10-21,0,110.44
1998-10-28,0,110.41
1998-11-04,0,110.41
1998-11-11,0,110.41
1998-11-18,0,110.41
1998-11-25,0,110.4
1998-12-02,0,110.41
1998-12-09,0,110.41
1998-12-16,0,110.41
1998-12-23,0,110.41
1998-12-30,0,110.46
1999-01-06,0,110.46
1999-01-13,0,110.46
1999-01-20,0,110.46
1999-01-27,0,110.46
1999-02-03,0,110.46
1999-02-10,0,110.49
1999-02-17,0,110.49
1999-02-24,0,110.48
1999-03-03,0,110.47
1999-03-10,0,110.47
1999-03-17,0,110.49
1999-03-24,0,110.47
1999-03-31,0,110.49
1999-04-07,0,110.51
1999-04-14,0,110.48
1999-04-21,0,110.49
1999-04-28,0,110.48
1999-05-05,0,110.49
1999-05-12,0,110.49
1999-05-19,0,110.48
1999-05-26,0,110.48
1999-06-02,0,110.48
1999-06-09,0,110.47
1999-06-16,0,110.47
1999-06-23,0,110.46
1999-06-30,0,110.46
1999-07-07,0,110.46
1999-07-14,0,110.45
1999-07-21,0,110.47
1999-07-28,0,110.47
1999-08-04,0,110.47
1999-08-11,0,110.47
1999-08-18,0,110.47
1999-08-25,0,110.46
1999-09-01,0,110.45
1999-09-08,0,110.46
1999-09-15,0,110.46
1999-09-22,0,110.48
1999-09-29,0,110.48
1999-10-06,0,110.5
1999-10-13,0,110.51
1999-10-20,0,110.5
1999-10-27,0,110.5
1999-11-03,0,110.49
1999-11-10,0,110.49
1999-11-17,0,110.49
1999-11-24,0,110.49
1999-12-01,0,110.48
1999-12-08,0,110.48
1999-12-15,0,110.49
1999-12-22,0,110.48
1999-12-29,0,110.48
2000-01-05,0,110.48
2000-01-12,0,110.48
2000-01-19,0,110.48
2000-01-26,0,110.48
2000-02-02,0,110.48
2000-02-09,0,110.48
2000-02-16,0,110.48
2000-02-23,0,110.48
2000-03-01,0,110.48
2000-03-08,0,110.48
2000-03-15,0,110.48
2000-03-22,0,110.48
2000-03-29,0,110.48
2000-04-05,0,110.48
2000-04-12,0,110.48
2000-04-19,0,110.48
2000-04-26,0,110.48
2000-05-03,0,110.48
2000-05-10,0,110.48
2000-05-17,0,110.48
2000-05-24,0,110.48
2000-05-31,0,110.48
2000-06-07,0,110.48
2000-06-14,0,110.48
2000-06-21,0,110.48
2000-06-28,0,110.47
2000-07-05,0,110.46
2000-07-12,0,110.46
2000-07-19,0,110.46
2000-07-26,0,110.46
2000-08-02,0,110.46
2000-08-09,0,110.46
2000-08-16,0,110.46
2000-08-23,0,110.46
2000-08-30,0,110.46
2000-09-06,0,110.46
2000-09-13,0,110.46
2000-09-20,0,110.46
2000-09-27,0,110.46
2000-10-04,0,110.46
2000-10-11,0,110.46
2000-10-18,0,110.46
2000-10-25,0,110.46
2000-11-01,0,110.46
2000-11-08,0,110.46
2000-11-15,0,110.46
2000-11-22,0,110.46
2000-11-29,0,110.46
2000-12-06,0,110.46
2000-12-13,0,110.46
2000-12-20,0,110.46
2000-12-27,0,110.46
2001-01-03,0,110.46
2001-01-10,0,110.46
2001-01-17,0,110.46
2001-01-24,0,110.46
2001-01-31,0,110.46
2001-02-07,0,110.46
2001-02-14,0,110.46
2001-02-21,0,110.46
2001-02-28,0,110.46
2001-03-07,0,110.46
2001-03-14,0,110.46
2001-03-21,1,110.46
2001-03-28,1,110.46
2001-04-04,1,110.46
2001-04-11,1,110.46
2001-04-18,1,110.46
2001-04-25,1,110.46
2001-05-02,1,110.46
2001-05-09,1,110.46
2001-05-16,1,110.46
2001-05-23,1,110.46
2001-05-30,1,110.46
2001-06-06,1,110.46
2001-06-13,1,110.44
2001-06-20,1,110.44
2001-06-27,1,110.44
2001-07-04,1,110.44
2001-07-11,1,110.44
2001-07-18,1,110.44
2001-07-25,1,110.44
2001-08-01,1,110.44
2001-08-08,1,110.44
2001-08-15,1,110.44
2001-08-22,1,110.44
2001-08-29,1,110.44
2001-09-05,1,110.44
2001-09-12,1,110.43
2001-09-19,1,110.43
2001-09-26,1,110.43
2001-10-03,1,110.45
2001-10-10,1,110.45
2001-10-17,1,110.45
2001-10-24,1,110.45
2001-10-31,1,110.45
2001-11-07,1,110.45
2001-11-14,1,110.45
2001-11-21,0,110.45
2001-11-28,0,110.45
2001-12-05,0,110.45
2001-12-12,0,110.45
2001-12-19,0,110.45
2001-12-26,0,110.45
2002-01-02,0,110.45
2002-01-09,0,110.45
2002-01-16,0,110.45
2002-01-23,0,110.45
2002-01-30,0,110.45
2002-02-06,0,110.44
2002-02-13,0,110.44
2002-02-20,0,110.44
2002-02-27,0,110.44
2002-03-06,0,110.44
2002-03-13,0,110.44
2002-03-20,0,110.44
2002-03-27,0,110.44
2002-04-03,0,110.44
2002-04-10,0,110.44
2002-04-17,0,110.44
2002-04-24,0,110.44
2002-05-01,0,110.44
2002-05-08,0,110.44
2002-05-15,0,110.44
2002-05-22,0,110.44
2002-05-29,0,110.44
2002-06-05,0,110.44
2002-06-12,0,110.44
2002-06-19,0,110.44
2002-06-26,0,110.44
2002-07-03,0,110.44
2002-07-10,0,110.39
2002-07-17,0,110.39
2002-07-24,0,110.39
2002-07-31,0,110.38
2002-08-07,0,110.38
2002-08-14,0,110.38
2002-08-21,0,110.38
2002-08-28,0,110.38
2002-09-04,0,110.38
2002-09-11,0,110.38
2002-09-18,0,110.38
2002-09-25,0,110.38
2002-10-02,0,110.38
2002-10-09,0,110.38
2002-10-16,0,110.38
2002-10-23,0,110.38
2002-10-30,0,110.38
2002-11-06,0,110.38
2002-11-13,0,110.38
2002-11-20,0,110.38
2002-11-27,0,110.38
2002-12-04,0,110.39
2002-12-11,0,110.39
2002-12-18,0,110.39
2002-12-25,0,110.39
2003-01-01,0,110.39
2003-01-08,0,110.39
2003-01-15,0,110.39
2003-01-22,0,110.39
2003-01-29,0,110.39
2003-02-05,0,110.39
2003-02-12,0,110.39
2003-02-19,0,110.39
2003-02-26,0,110.39
2003-03-05,0,110.39
2003-03-12,0,110.39
2003-03-19,0,110.39
2003-03-26,0,110.39
2003-04-02,0,110.38
2003-04-09,0,110.38
2003-04-16,0,110.38
2003-04-23,0,110.38
2003-04-30,0,110.39
2003-05-07,0,110.39
2003-05-14,0,110.39
2003-05-21,0,110.39
2003-05-28,0,110.39
2003-06-04,0,110.4
2003-06-11,0,110.4
2003-06-18,0,110.4
2003-06-25,0,110.4
2003-07-02,0,110.39
2003-07-09,0,110.39
2003-07-16,0,110.39
2003-07-23,0,110.39
2003-07-30,0,110.39
2003-08-06,0,110.39
2003-08-13,0,110.39
2003-08-20,0,110.39
2003-08-27,0,110.39
2003-09-03,0,110.39
2003-09-10,0,110.39
2003-09-17,0,110.39
2003-09-24,0,110.39
2003-10-01,0,110.39
2003-10-08,0,110.39
2003-10-15,0,110.39
2003-10-22,0,110.39
2003-10-29,0,110.39
2003-11-05,0,110.39
2003-11-12,0,110.39
2003-11-19,0,110.39
2003-11-26,0,110.39
2003-12-03,0,110.39
2003-12-10,0,110.39
2003-12-17,0,110.39
2003-12-24,0,110.39
2003-12-31,0,110.39
2004-01-07,0,110.39
2004-01-14,0,110.39
2004-01-21,0,110.39
2004-01-28,0,110.39
2004-02-04,0,110.38
2004-02-11,0,110.38
2004-02-18,0,110.38
2004-02-25,0,110.38
2004-03-03,0,110.41
2004-03-10,0,110.41
2004-03-17,0,110.41
2004-03-24,0,110.41
2004-03-31,0,110.41
2004-04-07,0,110.41
2004-04-14,0,110.41
2004-04-21,0,110.41
2004-04-28,0,110.41
2004-05-05,0,110.41
2004-05-12,0,110.41
2004-05-19,0,110.41
2004-05-26,0,110.41
2004-06-02,0,110.41
2004-06-09,0,110.41
2004-06-16,0,110.41
2004-06-23,0,110.41
2004-06-30,0,110.4
2004-07-07,0,110.4
2004-07-14,0,110.4
2004-07-21,0,110.4
2004-07-28,0,110.4
2004-08-04,0,110.4
2004-08-11,0,110.4
2004-08-18,0,110.4
2004-08-25,0,110.4
2004-09-01,0,110.39
2004-09-08,0,110.39
2004-09-15,0,110.39
2004-09-22,0,110.39
2004-09-29,0,110.39
2004-10-06,0,110.39
2004-10-13,0,110.39
2004-10-20,0,110.39
2004-10-27,0,110.39
2004-11-03,0,110.39
2004-11-10,0,110.39
2004-11-17,0,110.39
2004-11-24,0,110.39
2004-12-01,0,110.39
2004-12-08,0,110.39
2004-12-15,0,110.39
2004-12-22,0,110.39
2004-12-29,0,110.41
2005-01-05,0,110.41
2005-01-12,0,110.41
2005-01-19,0,110.41
2005-01-26,0,110.41
2005-02-02,0,110.38
2005-02-09,0,110.38
2005-02-16,0,110.38
2005-02-23,0,110.38
2005-03-02,0,110.37
2005-03-09,0,110.37
2005-03-16,0,110.37
2005-03-23,0,110.37
2005-03-30,0,110.37
2005-04-06,0,110.37
2005-04-13,0,110.37
2005-04-20,0,110.37
2005-04-27,0,110.37
2005-05-04,0,110.37
2005-05-11,0,110.37
2005-05-18,0,110.37
2005-05-25,0,110.37
2005-06-01,0,110.37
2005-06-08,0,110.37
2005-06-15,0,110.37
2005-06-22,0,110.37
2005-06-29,0,110.37
2005-07-06,0,110.37
2005-07-13,0,110.37
2005-07-20,0,110.37
2005-07-27,0,110.37
2005-08-03,0,110.37
2005-08-10,0,110.37
2005-08-17,0,110.37
2005-08-24,0,110.37
2005-08-31,0,110.37
2005-09-07,0,110.37
2005-09-14,0,110.37
2005-09-21,0,110.37
2005-09-28,0,110.37
2005-10-05,0,110.37
2005-10-12,0,110.37
2005-10-19,0,110.37
2005-10-26,0,110.37
2005-11-02,0,110.36
2005-11-09,0,110.36
2005-11-16,0,110.36
2005-11-23,0,110.36
2005-11-30,0,110.37
2005-12-07,0,110.37
2005-12-14,0,110.37
2005-12-21,0,110.37
2005-12-28,0,110.37
2006-01-04,0,110.39
2006-01-11,0,110.39
2006-01-18,0,110.39
2006-01-25,0,110.39
2006-02-01,0,110.4
2006-02-08,0,110.4
2006-02-15,0,110.4
2006-02-22,0,110.4
2006-03-01,0,110.4
2006-03-08,0,110.4
2006-03-15,0,110.4
2006-03-22,0,110.4
2006-03-29,0,110.4
2006-04-05,0,110.39
2006-04-12,0,110.39
2006-04-19,0,110.39
2006-04-26,0,110.39
2006-05-03,0,110.37
2006-05-10,0,110.37
2006-05-17,0,110.37
2006-05-24,0,110.37
2006-05-31,0,110.37
2006-06-07,0,110.37
2006-06-14,0,110.37
2006-06-21,0,110.37
2006-06-28,0,110.37
2006-07-05,0,110.37
2006-07-12,0,110.37
2006-07-19,0,110.37
2006-07-26,0,110.37
2006-08-02,0,110.37
2006-08-09,0,110.37
2006-08-16,0,110.37
2006-08-23,0,110.37
2006-08-30,0,110.37
2006-09-06,0,110.37
2006-09-13,0,110.37
2006-09-20,0,110.37
2006-09-27,0,110.37
2006-10-04,0,110.37
2006-10-11,0,110.37
2006-10-18,0,110.37
2006-10-25,0,110.37
2006-11-01,0,110.37
2006-11-08,0,110.37
2006-11-15,0,110.37
2006-11-22,0,110.37
2006-11-29,0,110.37
2006-12-06,0,110.37
2006-12-13,0,110.37
2006-12-20,0,110.37
2006-12-27,0,110.37
2007-01-03,0,110.37
2007-01-10,0,110.37
2007-01-17,0,110.37
2007-01-24,0,110.37
2007-01-31,0,110.37
2007-02-07,0,110.37
2007-02-14,0,110.37
2007-02-21,0,110.37
2007-02-28,0,110.37
2007-03-07,0,110.37
2007-03-14,0,110.37
2007-03-21,0,110.37
2007-03-28,0,110.37
2007-04-04,0,110.37
2007-04-11,0,110.37
2007-04-18,0,110.37
2007-04-25,0,110.37
2007-05-02,0,110.37
2007-05-09,0,110.37
2007-05-16,0,110.37
2007-05-23,0,110.37
2007-05-30,0,110.37
2007-06-06,0,110.37
2007-06-13,0,110.37
2007-06-20,0,110.37
2007-06-27,0,110.37
2007-07-04,0,110.37
2007-07-11,0,110.37
2007-07-18,0,110.37
2007-07-25,0,110.37
2007-08-01,0,110.37
2007-08-08,0,110.37
2007-08-15,0,110.37
2007-08-22,0,110.37
2007-08-29,0,110.37
2007-09-05,0,110.37
2007-09-12,0,110.37
2007-09-19,0,110.37
2007-09-26,0,110.37
2007-10-03,0,110.37
2007-10-10,0,110.37
2007-10-17,0,110.37
2007-10-24,0,110.37
2007-10-31,0,110.37
2007-11-07,0,110.37
2007-11-14,0,110.37
2007-11-21,0,110.37
2007-11-28,0,110.37
2007-12-05,0,110.37
2007-12-12,0,110.37
2007-12-19,1,110.37
2007-12-26,1,110.37
2008-01-02,1,110.37
2008-01-09,1,110.37
2008-01-16,1,110.37
2008-01-23,1,110.37
2008-01-30,1,110.37
2008-02-06,1,110.37
2008-02-13,1,110.37
2008-02-20,1,110.37
2008-02-27,1,110.37
2008-03-05,1,110.37
2008-03-12,1,110.37
2008-03-19,1,110.37
2008-03-26,1,110.37
2008-04-02,1,110.37
2008-04-09,1,110.37
2008-04-16,1,110.37
2008-04-23,1,110.37
2008-04-30,1,110.37
2008-05-07,1,110.37
2008-05-14,1,110.37
2008-05-21,1,110.37
2008-05-28,1,110.37
2008-06-04,1,110.37
2008-06-11,1,110.37
2008-06-18,1,110.37
2008-06-25,1,110.37
2008-07-02,1,110.37
2008-07-09,1,110.37
2008-07-16,1,110.37
2008-07-23,1,110.37
2008-07-30,1,110.37
2008-08-06,1,110.37
2008-08-13,1,110.37
2008-08-20,1,110.37
2008-08-27,1,110.37
2008-09-03,1,110.37
2008-09-10,1,110.37
2008-09-17,1,110.37
2008-09-24,1,110.37
2008-10-01,1,110.37
2008-10-08,1,110.37
2008-10-15,1,110.37
2008-10-22,1,110.37
2008-10-29,1,110.37
2008-11-05,1,110.37
2008-11-12,1,110.37
2008-11-19,1,110.37
2008-11-26,1,110.37
2008-12-03,1,110.37
2008-12-10,1,110.37
2008-12-17,1,110.37
2008-12-24,1,110.37
2008-12-31,1,110.37
2009-01-07,1,110.37
2009-01-14,1,110.37
2009-01-21,1,110.37
2009-01-28,1,110.37
2009-02-04,1,110.37
2009-02-11,1,110.37
2009-02-18,1,110.37
2009-02-25,1,110.37
2009-03-04,1,110.37
2009-03-11,1,110.37
2009-03-18,1,110.37
2009-03-25,1,110.37
2009-04-01,1,110.37
2009-04-08,1,110.37
2009-04-15,1,110.37
2009-04-22,1,110.37
2009-04-29,1,110.37
2009-05-06,1,110.37
2009-05-13,1,110.37
2009-05-20,1,110.37
2009-05-27,1,110.37
2009-06-03,1,110.37
2009-06-10,1,110.37
2009-06-17,0,110.37
2009-06-24,0,110.37
2009-07-01,0,110.37
2009-07-08,0,110.37
2009-07-15,0,110.37
2009-07-22,0,110.37
2009-07-29,0,110.37
2009-08-05,0,110.37
2009-08-12,0,110.37
2009-08-19,0,110.37
2009-08-26,0,110.37
2009-09-02,0,110.37
2009-09-09,0,110.37
2009-09-16,0,110.37
2009-09-23,0,110.37
2009-09-30,0,110.37
2009-10-07,0,110.37
2009-10-14,0,110.37
2009-10-21,0,110.37
2009-10-28,0,110.37
2009-11-04,0,110.37
2009-11-11,0,110.37
2009-11-18,0,110.37
2009-11-25,0,110.37
2009-12-02,0,110.37
2009-12-09,0,110.37
2009-12-16,0,110.37
2009-12-23,0,110.37
2009-12-30,0,110.37
2010-01-06,0,110.37
2010-01-13,0,110.37
2010-01-20,0,110.37
2010-01-27,0,110.37
2010-02-03,0,110.37
2010-02-10,0,110.37
2010-02-17,0,110.37
2010-02-24,0,110.37
2010-03-03,0,110.37
2010-03-10,0,110.37
2010-03-17,0,110.37
2010-03-24,0,110.37
2010-03-31,0,110.37
2010-04-07,0,110.37
2010-04-14,0,110.37
2010-04-21,0,110.37
2010-04-28,0,110.37
2010-05-05,0,110.37
2010-05-12,0,110.37
2010-05-19,0,110.37
2010-05-26,0,110.37
2010-06-02,0,110.37
2010-06-09,0,110.37
2010-06-16,0,110.37
2010-06-23,0,110.37
2010-06-30,0,110.37
2010-07-07,0,110.37
2010-07-14,0,110.37
2010-07-21,0,110.37
2010-07-28,0,110.37
2010-08-04,0,110.37
2010-08-11,0,110.37
2010-08-18,0,110.37
2010-08-25,0,110.37
2010-09-01,0,110.37
2010-09-08,0,110.37
2010-09-15,0,110.37
2010-09-22,0,110.37
2010-09-29,0,110.37
2010-10-06,0,110.37
2010-10-13,0,110.37
2010-10-20,0,110.37
2010-10-27,0,110.37
2010-11-03,0,110.37
2010-11-10,0,110.37
2010-11-17,0,110.37
2010-11-24,0,110.37
2010-12-01,0,110.37
2010-12-08,0,110.37
2010-12-15,0,110.37
2010-12-22,0,110.37
2010-12-29,0,110.37
2011-01-05,0,110.37
2011-01-12,0,110.37
2011-01-19,0,110.37
2011-01-26,0,110.37
2011-02-02,0,110.37
2011-02-09,0,110.37
2011-02-16,0,110.37
2011-02-23,0,110.37
2011-03-02,0,110.37
2011-03-09,0,110.37
2011-03-16,0,110.37
2011-03-23,0,110.37
2011-03-30,0,110.37
2011-04-06,0,110.37
2011-04-13,0,110.37
2011-04-20,0,110.37
2011-04-27,0,110.37
2011-05-04,0,110.37
2011-05-11,0,110.37
2011-05-18,0,110.37
2011-05-25,0,110.37
2011-06-01,0,110.37
2011-06-08,0,110.37
2011-06-15,0,110.37
2011-06-22,0,110.37
2011-06-29,0,110.37
2011-07-06,0,110.37
2011-07-13,0,110.37
2011-07-20,0,110.37
2011-07-27,0,110.37
2011-08-03,0,110.37
2011-08-10,0,110.37
2011-08-17,0,110.37
2011-08-24,0,110.37
2011-08-31,0,110.37
2011-09-07,0,110.37
2011-09-14,0,110.37
2011-09-21,0,110.37
2011-09-28,0,110.37
2011-10-05,0,110.37
2011-10-12,0,110.37
2011-10-19,0,110.37
2011-10-26,0,110.37
2011-11-02,0,110.37
2011-11-09,0,110.37
2011-11-16,0,110.37
2011-11-23,0,110.37
2011-11-30,0,110.37
2011-12-07,0,110.37
2011-12-14,0,110.37
2011-12-21,0,110.37
2011-12-28,0,110.37
2012-01-04,0,110.37
2012-01-11,0,110.37
2012-01-18,0,110.37
2012-01-25,0,110.37
2012-02-01,0,110.37
2012-02-08,0,110.37
2012-02-15,0,110.37
2012-02-22,0,110.37
2012-02-29,0,110.37
2012-03-07,0,110.37
2012-03-14,0,110.37
2012-03-21,0,110.37
2012-03-28,0,110.37
2012-04-04,0,110.37
2012-04-11,0,110.37
2012-04-18,0,110.37
2012-04-25,0,110.37
2012-05-02,0,110.37
2012-05-09,0,110.37
2012-05-16,0,110.37
2012-05-23,0,110.37
2012-05-30,0,110.37
2012-06-06,0,110.37
2012-06-13,0,110.37
2012-06-20,0,110.37
2012-06-27,0,110.37
2012-07-04,0,110.37
2012-07-11,0,110.37
2012-07-18,0,110.37
2012-07-25,0,110.37
2012-08-01,0,110.37
2012-08-08,0,110.37
2012-08-15,0,110.37
2012-08-22,0,110.37
2012-08-29,0,110.37
2012-09-05,0,110.37
2012-09-12,0,110.37
2012-09-19,0,110.37
2012-09-26,0,110.37
2012-10-03,0,110.37
2012-10-10,0,110.37
2012-10-17,0,110.37
2012-10-24,0,110.37
2012-10-31,0,110.37
2012-11-07,0,110.37
2012-11-14,0,110.37
2012-11-21,0,110.37
2012-11-28,0,110.37
2012-12-05,0,110.37
2012-12-12,0,110.37
2012-12-19,0,110.37
2012-12-26,0,110.37
2013-01-02,0,110.37
2013-01-09,0,110.37
2013-01-16,0,110.37
2013-01-23,0,110.37
2013-01-30,0,110.37
2013-02-06,0,110.37
2013-02-13,0,110.37
2013-02-20,0,110.37
2013-02-27,0,110.37
2013-03-06,0,110.37
2013-03-13,0,110.37
2013-03-20,0,110.37
2013-03-27,0,110.37
2013-04-03,0,110.37
2013-04-10,0,110.37
2013-04-17,0,110.37
2013-04-24,0,110.37
2013-05-01,0,110.37
2013-05-08,0,110.37
2013-05-15,0,110.37
2013-05-22,0,110.37
2013-05-29,0,110.37
2013-06-05,0,110.37
2013-06-12,0,110.37
2013-06-19,0,110.37
2013-06-26,0,110.37
2013-07-03,0,110.37
2013-07-10,0,110.37
2013-07-17,0,110.37
2013-07-24,0,110.37
2013-07-31,0,110.37
2013-08-07,0,110.37
2013-08-14,0,110.37
2013-08-21,0,110.37
2013-08-28,0,110.37
2013-09-04,0,110.37
2013-09-11,0,110.37
2013-09-18,0,110.37
2013-09-25,0,110.37
2013-10-02,0,110.37
2013-10-09,0,110.37
2013-10-16,0,110.37
2013-10-23,0,110.37
2013-10-30,0,110.37
2013-11-06,0,110.37
2013-11-13,0,110.37
2013-11-20,0,110.37
2013-11-27,0,110.37
2013-12-04,0,110.37
2013-12-11,0,110.37
2013-12-18,0,110.37
2013-12-25,0,110.37
2014-01-01,0,110.37
2014-01-08,0,110.37
2014-01-15,0,110.37
2014-01-22,0,110.37
2014-01-29,0,110.37
2014-02-05,0,110.37
2014-02-12,0,110.37
2014-02-19,0,110.37
2014-02-26,0,110.37
2014-03-05,0,110.37
2014-03-12,0,110.37
2014-03-19,0,110.37
2014-03-26,0,110.37
2014-04-02,0,110.37
2014-04-09,0,110.37
2014-04-16,0,110.37
2014-04-23,0,110.37
2014-04-30,0,110.37
2014-05-07,0,110.37
2014-05-14,0,110.37
2014-05-21,0,110.37
2014-05-28,0,110.37
2014-06-04,0,110.37
2014-06-11,0,110.37
2014-06-18,0,110.37
2014-06-25,0,110.37
2014-07-02,0,110.37
2014-07-09,0,110.37
2014-07-16,0,110.37
2014-07-23,0,110.37
2014-07-30,0,110.37
2014-08-06,0,110.37
2014-08-13,0,110.37
2014-08-20,0,110.37
2014-08-27,0,110.37
2014-09-03,0,110.37
2014-09-10,0,110.37
2014-09-17,0,110.37
2014-09-24,0,110.37
2014-10-01,0,110.37
2014-10-08,0,110.37
2014-10-15,0,110.37
2014-10-22,0,110.37
2014-10-29,0,110.37
2014-11-05,0,110.37
2014-11-12,0,110.37
2014-11-19,0,110.37
2014-11-26,0,110.37
2014-12-03,0,110.37
2014-12-10,0,110.37
2014-12-17,0,110.37
2014-12-24,0,110.37
2014-12-31,0,110.37
2015-01-07,0,110.37
2015-01-14,0,110.37
2015-01-21,0,110.37
2015-01-28,0,110.37
2015-02-04,0,110.37
2015-02-11,0,110.37
2015-02-18,0,110.37
2015-02-25,0,110.37
2015-03-04,0,110.37
2015-03-11,0,110.37
2015-03-18,0,110.37
2015-03-25,0,110.37
2015-04-01,0,110.37
2015-04-08,0,110.37
2015-04-15,0,110.37
2015-04-22,0,110.37
2015-04-29,0,110.37
2015-05-06,0,110.37
2015-05-13,0,110.37
2015-05-20,0,110.37
2015-05-27,0,110.37
2015-06-03,0,110.37
2015-06-10,0,110.37
2015-06-17,0,110.37
2015-06-24,0,110.37
2015-07-01,0,110.37
2015-07-08,0,110.37
2015-07-15,0,110.37
2015-07-22,0,110.37
2015-07-29,0,110.37
2015-08-05,0,110.37
2015-08-12,0,110.37
2015-08-19,0,110.37
2015-08-26,0,110.37
2015-09-02,0,110.37
2015-09-09,0,110.37
2015-09-16,0,110.37
2015-09-23,0,110.37
2015-09-30,0,110.37
2015-10-07,0,110.37
2015-10-14,0,110.37
2015-10-21,0,110.37
2015-10-28,0,110.37
2015-11-04,0,110.37
2015-11-11,0,110.37
2015-11-18,0,110.37
2015-11-25,0,110.37
2015-12-02,0,110.37
2015-12-09,0,110.37
2015-12-16,0,110.37
2015-12-23,0,110.37
2015-12-30,0,110.37
2016-01-06,0,110.37
2016-01-13,0,110.37
2016-01-20,0,110.37
2016-01-27,0,110.37
2016-02-03,0,110.37
2016-02-10,0,110.37
2016-02-17,0,110.37
2016-02-24,0,110.37
2016-03-02,0,110.37
2016-03-09,0,110.37
2016-03-16,0,110.37
2016-03-23,0,110.37
2016-03-30,0,110.37
2016-04-06,0,110.37
2016-04-13,0,110.37
2016-04-20,0,110.37
2016-04-27,0,110.37
2016-05-04,0,110.37
2016-05-11,0,110.37
2016-05-18,0,110.37
2016-05-25,0,110.37
2016-06-01,0,110.37
2016-06-08,0,110.37
2016-06-15,0,110.37
2016-06-22,0,110.37
2016-06-29,0,110.37
2016-07-06,0,110.37
2016-07-13,0,110.37
2016-07-20,0,110.37
2016-07-27,0,110.37
2016-08-03,0,110.37
2016-08-10,0,110.37
2016-08-17,0,110.37
2016-08-24,0,110.37
2016-08-31,0,110.37
2016-09-07,0,110.37
2016-09-14,0,110.37
2016-09-21,0,110.37
2016-09-28,0,110.37
2016-10-05,0,110.37
2016-10-12,0,110.37
2016-10-19,0,110.37
2016-10-26,0,110.37
2016-11-02,0,110.37
2016-11-09,0,110.37
2016-11-16,0,110.37
2016-11-23,0,110.37
2016-11-30,0,110.37
2016-12-07,0,110.37
2016-12-14,0,110.37
2016-12-21,0,110.37
2016-12-28,0,110.37
2017-01-04,0,110.37
2017-01-11,0,110.37
2017-01-18,0,110.37
2017-01-25,0,110.37
2017-02-01,0,110.37
2017-02-08,0,110.37
2017-02-15,0,110.37
2017-02-22,0,110.37
2017-03-01,0,110.37
2017-03-08,0,110.37
2017-03-15,0,110.37
2017-03-22,0,110.37
2017-03-29,0,110.37
2017-04-05,0,110.37
2017-04-12,0,110.37
2017-04-19,0,110.37
2017-04-26,0,110.37
2017-05-03,0,110.37
2017-05-10,0,110.37
2017-05-17,0,110.37
2017-05-24,0,110.37
2017-05-31,0,110.37
2017-06-07,0,110.37
2017-06-14,0,110.37
2017-06-21,0,110.37
2017-06-28,0,110.37
2017-07-05,0,110.37
2017-07-12,0,110.37
2017-07-19,0,110.37
2017-07-26,0,110.37
2017-08-02,0,110.37
2017-08-09,0,110.37
2017-08-16,0,110.37
2017-08-23,0,110.37
2017-08-30,0,110.37
2017-09-06,0,110.37
2017-09-13,0,110.37
2017-09-20,0,110.37
2017-09-27,0,110.37
2017-10-04,0,110.37
2017-10-11,0,110.37
2017-10-18,0,110.37
2017-10-25,0,110.37
2017-11-01,0,110.37
2017-11-08,0,110.37
2017-11-15,0,110.37
2017-11-22,0,110.37
2017-11-29,0,110.37
2017-12-06,0,110.37
2017-12-13,0,110.37
2017-12-20,0,110.37
2017-12-27,0,110.37
2018-01-03,0,110.37
2018-01-10,0,110.37
2018-01-17,0,110.37
2018-01-24,0,110.37
2018-01-31,0,110.37
2018-02-07,0,110.37
2018-02-14,0,110.37
2018-02-21,0,110.37
2018-02-28,0,110.37
2018-03-07,0,110.37
2018-03-14,0,110.37
2018-03-21,0,110.37
2018-03-28,0,110.37
2018-04-04,0,110.37
2018-04-11,0,110.37
