DATE,Recession,Discount_Rate,Indus_Production_YoY,CPI_YoY,Core_CPI_YoY,PPI_YoY,Unemployment_Rate,Disposable_Income_YoY,PCE_YoY,SP500PE,TB3MS,RSAFS_MoM
1/1/1940,0,,,,,,,,,13.23,0.01,
2/1/1940,0,,,,,,,,,12.73,0.02,
3/1/1940,0,,,,,,,,,12.27,0.02,
4/1/1940,0,,,,,,,,,12.19,0.02,
5/1/1940,0,,,,,,,,,10.34,0.06,
6/1/1940,0,,,,,,,,,9.3,0.1,
7/1/1940,0,,,,,,,,,9.48,0.05,
8/1/1940,0,,,,,,,,,9.56,0.04,
9/1/1940,0,,,,,,,,,9.84,0.05,
10/1/1940,0,,,,,,,,,10.03,0.02,
11/1/1940,0,,,,,,,,,10.36,0.02,
12/1/1940,0,,,,,,,,,10.03,0.02,
1/1/1941,0,,17.35049454,1.438848921,,1.459854015,,,,10.02,0.02,
2/1/1941,0,,24.75588185,0.714285714,,2.205882353,,,,9.36,0.04,
3/1/1941,0,,31.66749318,1.428571429,,3.703703704,,,,9.39,0.11,
4/1/1941,0,,29.4118362,2.142857143,,6.666666667,,,,9.01,0.1,
5/1/1941,0,,31.42880758,2.857142857,,8.148148148,,,,8.73,0.11,
6/1/1941,0,,28.3078895,4.255319149,,11.94029851,,,,8.95,0.12,
7/1/1941,0,,28.26797201,5,,14.17910448,,,,9.13,0.12,
8/1/1941,0,,29.00275296,6.428571429,,16.41791045,,,,8.83,0.13,
9/1/1941,0,,26.33119491,7.857142857,,17.91044776,,,,8.61,0.1,
10/1/1941,0,,25.65684605,9.285714286,,16.91176471,,,,8.33,0.09,
11/1/1941,0,,23.36286187,10,,16.05839416,,,,8.01,0.28,
12/1/1941,0,,21.2123075,9.929078014,,17.39130435,,,,7.55,0.33,
1/1/1942,0,,20.69806737,11.34751773,,18.70503597,,,,7.97,0.27,
2/1/1942,0,,19.32100684,12.05673759,,20.14388489,,,,8.01,0.25,
3/1/1942,0,,16.96185607,12.67605634,,20,,,,7.87,0.25,
4/1/1942,0,,13.38392614,12.58741259,,18.05555556,,,,7.69,0.32,
5/1/1942,0,,8.695456873,13.19444444,,16.43835616,,,,7.93,0.37,
6/1/1942,0,,8.153017357,10.88435374,,13.33333333,,,,8.5,0.37,
7/1/1942,0,,9.478944492,11.56462585,,11.11111111,,,,8.94,0.38,
8/1/1942,0,,11.47588105,10.73825503,,9.615384615,,,,9.01,0.38,
9/1/1942,0,,14.05153041,9.271523179,,8.860759494,,,,9.23,0.38,
10/1/1942,0,,16.70492397,9.150326797,,8.176100629,,,,9.61,0.38,
11/1/1942,0,,18.93746779,9.090909091,,8.805031447,,,,9.47,0.38,
12/1/1942,0,,19.77227773,9.032258065,,7.407407407,,,,9.24,0.38,
1/1/1943,0,,18.48559903,7.643312102,,6.060606061,,,,9.67,0.38,
2/1/1943,0,,19.47473794,6.962025316,,5.988023952,,,,10.12,0.38,
3/1/1943,0,,19.04731236,7.5,,5.952380952,,,,10.35,0.38,
4/1/1943,0,,24.05381002,8.074534161,,5.294117647,,,,10.59,0.38,
5/1/1943,0,,24.66650136,7.36196319,,5.294117647,,,,10.91,0.38,
6/1/1943,0,,23.72524926,7.36196319,,5.294117647,,,,11,0.38,
7/1/1943,0,,24.45880999,6.097560976,,4.705882353,,,,11.3,0.38,
8/1/1943,0,,23.31908643,4.848484848,,4.093567251,,,,10.8,0.38,
9/1/1943,0,,23.61422964,5.454545455,,3.488372093,,,,11.1,0.38,
10/1/1943,0,,21.47145815,4.191616766,,3.488372093,,,,11.5,0.38,
11/1/1943,0,,20.19398124,3.571428571,,2.312138728,,,,11.48,0.38,
12/1/1943,0,,15.93939009,2.958579882,,2.298850575,,,,12.21,0.38,
1/1/1944,0,,16.16574732,2.958579882,,1.714285714,,,,12.65,0.38,
2/1/1944,0,,14.10276497,2.958579882,,0.564971751,,,,12.61,0.38,
3/1/1944,0,,13.09060909,1.162790698,,0.561797753,,,,13.01,0.38,
4/1/1944,0,,11.66941553,0.574712644,,0,,,,12.83,0.38,
5/1/1944,0,,10.16083907,0,,0,,,,13.1,0.38,
6/1/1944,0,,10.39405978,0.571428571,,0.558659218,,,,13.77,0.38,
7/1/1944,0,,6.956060518,1.724137931,,0.561797753,,,,14.23,0.38,
8/1/1944,0,,6.132741961,2.312138728,,0.561797753,,,,14.13,0.38,
9/1/1944,0,,2.824080367,1.724137931,,0.561797753,,,,14,0.38,
10/1/1944,0,,1.63685947,1.724137931,,0.561797753,,,,14.19,0.38,
11/1/1944,0,,-0.484891455,1.724137931,,1.694915254,,,,13.93,0.38,
12/1/1944,0,,0.490631734,2.298850575,,1.123595506,,,,14.09,0.38,
1/1/1945,0,,-1.618319692,2.298850575,,1.685393258,,,,14.35,0.38,
2/1/1945,0,,-2.728293056,2.298850575,,1.685393258,,,,14.67,0.38,
3/1/1945,1,,-3.215236045,2.298850575,,1.117318436,,,,14.51,0.38,
4/1/1945,1,,-4.983406584,1.714285714,,1.675977654,,,,14.67,0.38,
5/1/1945,1,,-6.957751565,2.285714286,,2.234636872,,,,15.02,0.38,
6/1/1945,1,,-8.766347466,2.840909091,,1.666666667,,,,15.09,0.38,
7/1/1945,1,,-10.73158636,2.259887006,,2.234636872,,,,14.83,0.38,
8/1/1945,1,,-21.02696055,2.259887006,,1.675977654,,,,14.93,0.38,
9/1/1945,1,,-27.62499324,2.259887006,,1.117318436,,,,16,0.38,
10/1/1945,1,,-30.75697593,2.259887006,,1.675977654,,,,16.84,0.38,
11/1/1945,0,,-27.59717912,2.259887006,,2.222222222,,,,17.57,0.38,
12/1/1945,0,,-27.03532747,2.247191011,,2.222222222,,,,18.05,0.38,
1/1/1946,0,,-30.42741526,2.247191011,,1.657458564,,,,19.17,0.38,
2/1/1946,0,,-33.6633238,1.685393258,,2.209944751,,,,19.64,0.38,
3/1/1946,0,,-26.24584512,2.808988764,,3.867403315,,,,19.48,0.38,
4/1/1946,0,,-26.22702186,3.370786517,,4.395604396,,,,21.2,0.38,
5/1/1946,0,,-26.95683672,3.351955307,,4.371584699,,,,21.74,0.38,
6/1/1946,0,,-20.64022554,3.314917127,,6.010928962,,,,22.12,0.38,
7/1/1946,0,,-16.02894152,9.392265193,,17.4863388,,,,21.07,0.38,
8/1/1946,0,,-2.845414755,11.60220994,,21.97802198,,,,20.27,0.38,
9/1/1946,0,,8.704639984,12.70718232,,18.2320442,,,,16.96,0.38,
10/1/1946,0,,15.34861996,14.91712707,,26.92307692,,,,15.58,0.38,
11/1/1946,0,,11.88341742,17.67955801,,30.97826087,,,,14.64,0.38,
12/1/1946,0,,12.05283389,18.13186813,,32.06521739,,,,14.27,0.38,
1/1/1947,0,,20.09478506,18.13186813,,33.15217391,,,,13.46,0.38,
2/1/1947,0,,27.11384558,18.78453039,,33.51351351,,,,13.17,0.38,
3/1/1947,0,,15.76601858,19.67213115,,34.57446809,,,,11.94,0.38,
4/1/1947,0,,16.97234402,19.02173913,,32.10526316,,,,11,0.38,
5/1/1947,0,,21.90499805,18.37837838,,30.89005236,,,,10.37,0.38,
6/1/1947,0,,14.7979819,17.64705882,,28.86597938,,,,10.31,0.38,
7/1/1947,0,,10.41162423,12.12121212,,17.6744186,,,,10.68,0.66,
8/1/1947,0,,7.112567013,11.38613861,,15.31531532,,,,10.22,0.75,
9/1/1947,0,,5.955490385,12.74509804,,21.96261682,,,,9.72,0.8,
10/1/1947,0,,5.040567495,10.57692308,,14.28571429,,,,9.84,0.85,
11/1/1947,0,,5.811500764,8.450704225,,10.78838174,,,,9.6,0.92,
12/1/1947,0,,5.578235325,8.837209302,,11.93415638,,,,9.34,0.95,
1/1/1948,0,,4.920745323,10.23255814,,13.06122449,3.4,,,9.02,0.97,
2/1/1948,0,,4.501022629,9.302325581,,10.12145749,3.8,,,8.41,1,
3/1/1948,0,,2.723628417,6.849315068,,7.509881423,4,,,8.36,1,
4/1/1948,0,,3.725879144,8.675799087,,9.163346614,3.9,,,8.75,1,
5/1/1948,0,,5.078454162,9.132420091,,10,3.5,,,8.92,1,
6/1/1948,0,,6.445590586,9.545454545,,10.8,3.6,,,9.04,1,
7/1/1948,0,,7.073283012,9.90990991,,10.67193676,3.6,,,8.51,1,
8/1/1948,0,,6.054772628,8.888888889,,10.15625,3.9,,,7.97,1.06,
9/1/1948,0,,4.456665898,6.52173913,,7.662835249,3.8,,,7.61,1.09,
10/1/1948,0,,4.222587093,6.086956522,,5.303030303,3.7,,,7.55,1.12,
11/1/1948,0,,1.515194207,4.761904762,,4.119850187,3.8,,,6.9,1.14,
12/1/1948,1,,0.188070175,2.991452991,,1.470588235,4,,,6.63,1.16,
1/1/1949,1,,-1.313273694,1.265822785,,-1.444043321,4.3,,,6.62,1.17,
2/1/1949,1,,-2.434267804,1.276595745,,-1.470588235,4.7,,,6.29,1.17,
3/1/1949,1,,-3.219875741,1.709401709,,-1.470588235,5,,,6.26,1.17,
4/1/1949,1,,-3.969598751,0.420168067,,-3.284671533,5.3,,,6.24,1.17,
5/1/1949,1,,-6.877933785,-0.418410042,,-4.363636364,6.1,,,6.18,1.17,
6/1/1949,1,,-8.256843168,-0.829875519,,-6.137184116,6.2,,,5.82,1.17,
7/1/1949,1,,-8.440419564,-2.868852459,,-7.142857143,6.7,,,6.16,1.02,
8/1/1949,1,,-7.182437755,-2.857142857,,-7.80141844,6.8,,,6.39,1.04,
9/1/1949,1,,-5.565177789,-2.448979592,,-7.117437722,6.6,,,6.48,1.07,
10/1/1949,1,,-9.76060824,-2.868852459,,-6.474820144,7.9,,,6.71,1.05,
11/1/1949,0,,-6.156974041,-1.652892562,,-6.474820144,6.4,,,6.87,1.08,
12/1/1949,0,,-3.577832568,-2.074688797,,-6.15942029,6.6,,,7.13,1.1,
1/1/1950,0,1.5,-0.950333748,-2.083333333,,-5.128205128,6.5,,,7.22,1.07,
2/1/1950,0,1.5,0.384066248,-1.260504202,,-2.611940299,6.4,,,7.31,1.12,
3/1/1950,0,1.5,5.675044217,-0.840336134,,-2.611940299,6.3,,,7.32,1.12,
4/1/1950,0,1.5,9.842222792,-1.255230126,,-1.509433962,5.8,,,7.35,1.15,
5/1/1950,0,1.5,13.97232409,-0.420168067,,0.380228137,5.5,,,7.43,1.16,
6/1/1950,0,1.5,17.59971436,-0.418410042,,2.307692308,5.4,,,7.38,1.15,
7/1/1950,0,1.5,21.64275333,1.687763713,,5,5,,,6.68,1.16,
8/1/1950,0,1.59,24.20651027,2.100840336,,7.307692308,4.5,,,6.93,1.2,
9/1/1950,0,1.75,22.19957035,2.092050209,,8.812260536,4.4,,,7.01,1.3,
10/1/1950,0,1.75,27.75513302,3.797468354,,10,4.2,,,7.2,1.31,
11/1/1950,0,1.75,24.25465839,3.781512605,,11.53846154,4.2,,,7.08,1.36,
12/1/1950,0,1.75,24.21909051,5.93220339,,14.67181467,4.3,,,6.95,1.34,
1/1/1951,0,1.75,22.45645346,8.085106383,,17.76061776,3.7,,,7.48,1.34,
2/1/1951,0,1.75,22.7531326,9.361702128,,18.3908046,3.4,,,7.76,1.36,
3/1/1951,0,1.75,19.44444444,9.322033898,,18.3908046,3.4,,,7.64,1.4,
4/1/1951,0,1.75,15.77038953,9.322033898,,18.00766284,3.1,,,7.85,1.47,
5/1/1951,0,1.75,12.78505501,9.282700422,,16.28787879,3,,,7.96,1.55,
6/1/1951,0,1.75,9.013624805,8.823529412,,14.66165414,3.2,,,7.92,1.45,
7/1/1951,0,1.75,3.953995662,7.468879668,,10.98901099,3.1,,,8.28,1.56,
8/1/1951,0,1.75,-0.159823184,6.58436214,,7.885304659,3.1,,,8.87,1.62,
9/1/1951,0,1.75,1.125960475,6.967213115,,5.985915493,3.3,,,9.35,1.63,
10/1/1951,0,1.75,0.319646369,6.504065041,,5.244755245,3.5,,,9.39,1.54,
11/1/1951,0,1.75,1.280037134,6.882591093,,3.793103448,3.5,,,9.22,1.56,
12/1/1951,0,1.75,0.156725146,6,,1.346801347,3.1,,,9.59,1.73,
1/1/1952,0,1.75,0.940321913,4.330708661,,-1.639344262,3.2,,,9.97,1.57,
2/1/1952,0,1.75,0.934460325,2.33463035,,-3.55987055,3.1,,,9.84,1.54,
3/1/1952,0,1.75,0.775578224,1.937984496,,-3.55987055,2.9,,,9.92,1.59,
4/1/1952,0,1.75,-0.309750818,2.325581395,,-3.896103896,2.9,,,9.97,1.57,
5/1/1952,0,1.75,-0.93213438,1.930501931,,-3.583061889,3,,,10.06,1.67,
6/1/1952,0,1.75,-1.404168407,2.316602317,,-3.278688525,3,,,10.42,1.7,
7/1/1952,0,1.75,-1.426424214,3.088803089,,-2.310231023,3.2,,,10.69,1.81,
8/1/1952,0,1.75,5.919948584,3.088803089,,-0.996677741,3.4,,,10.7,1.83,
9/1/1952,0,1.75,9.061720219,2.298850575,,-1.661129568,3.1,,,10.5,1.71,
10/1/1952,0,1.75,10.3500761,1.908396947,,-1.993355482,3,,,10.22,1.74,
11/1/1952,0,1.75,11.69025753,1.136363636,,-2.657807309,2.8,,,10.49,1.85,
12/1/1952,0,1.75,11.61688115,0.754716981,,-3.322259136,2.7,,,10.85,2.09,
1/1/1953,0,1.88,10.71440947,0.377358491,,-3,2.9,,,10.86,1.96,
2/1/1953,0,2,10.64823849,0.760456274,,-2.348993289,2.6,,,10.69,1.97,
3/1/1953,0,2,11.2305738,1.140684411,,-2.013422819,2.6,,,10.7,2.01,
4/1/1953,0,2,12.73346809,0.757575758,,-2.027027027,2.7,,,10.06,2.19,
5/1/1953,0,2,14.42021255,1.136363636,,-1.689189189,2.5,,,10,2.16,
6/1/1953,0,2,15.03142581,1.132075472,,-1.694915254,2.5,,,9.54,2.11,
7/1/1953,0,2,18.32810117,0.374531835,,-0.675675676,2.6,,,9.63,2.04,
8/1/1953,1,2,10.57418956,0.74906367,,-1.677852349,2.7,,,9.61,2.04,
9/1/1953,1,2,4.519011293,0.74906367,,-0.675675676,2.9,,,9.13,1.79,
10/1/1953,1,2,2.5976117,1.123595506,,-1.016949153,3.1,,,9.45,1.38,
11/1/1953,1,2,-1.838612439,0.74906367,,-0.682593857,3.5,,,9.71,1.44,
12/1/1953,1,2,-4.781758072,0.74906367,,0.343642612,4.5,,,9.89,1.6,
1/1/1954,1,2,-5.750070422,1.127819549,,1.030927835,4.9,,,10.09,1.18,
2/1/1954,1,1.79,-5.997053606,1.509433962,,0.687285223,5.2,,,10.26,0.97,
3/1/1954,1,1.75,-7.330586293,1.127819549,,0.342465753,5.7,,,10.42,1.03,
4/1/1954,1,1.63,-8.264428939,0.751879699,,1.379310345,5.9,,,10.74,0.97,
5/1/1954,1,1.5,-8.219164123,0.74906367,,1.030927835,5.9,,,11.06,0.76,
6/1/1954,0,1.5,-7.564998516,0.373134328,,0.689655172,5.6,,,11.05,0.64,
7/1/1954,0,1.5,-8.559473636,0.373134328,,-0.340136054,5.8,,,11.49,0.72,
8/1/1954,0,1.5,-8.196696323,0,,0,6,,,11.7,0.92,
9/1/1954,0,1.5,-6.13659235,-0.371747212,,-0.680272109,6.1,,,11.96,1.01,
10/1/1954,0,1.5,-4.219391625,-0.740740741,,-0.342465753,5.7,,,12.02,0.98,
11/1/1954,0,1.5,-0.288326527,-0.371747212,,0.343642612,5.3,,,12.28,0.93,
12/1/1954,0,1.5,3.545156381,-0.743494424,,-0.684931507,5,,,12.62,1.15,
1/1/1955,0,1.5,6.696406334,-0.743494424,,-0.680272109,4.9,,,12.56,1.22,
2/1/1955,0,1.5,7.715059845,-0.743494424,,0,4.7,,,12.7,1.17,
3/1/1955,0,1.5,10.89535419,-0.743494424,,-0.341296928,4.6,,,12.33,1.28,
4/1/1955,0,1.63,12.91255738,-0.373134328,,-0.340136054,4.7,,,12.39,1.59,
5/1/1955,0,1.75,14.02956573,-0.743494424,,-1.020408163,4.3,,,12,1.45,
6/1/1955,0,1.75,13.83946114,-0.743494424,,0.342465753,4.2,,,12.35,1.41,
7/1/1955,0,1.75,14.56164202,-0.371747212,,0,4,,,12.96,1.6,
8/1/1955,0,1.97,14.5833218,-0.371747212,,0.341296928,4.2,,,12.6,1.9,
9/1/1955,0,2.18,15.15573535,0.373134328,,1.369863014,4.1,,,12.89,2.07,
10/1/1955,0,2.25,15.7117188,0.373134328,,1.718213058,4.3,,,12.03,2.23,
11/1/1955,0,2.36,14.16186524,0.373134328,,1.02739726,4.2,,,12.63,2.24,
12/1/1955,0,2.5,13.12421741,0.374531835,,1.724137931,4.2,,,12.53,2.54,
1/1/1956,0,2.5,11.29693222,0.374531835,,1.712328767,4,,,12.12,2.41,
2/1/1956,0,2.5,8.952960584,0.374531835,,1.706484642,3.9,,,12.12,2.32,
3/1/1956,0,2.5,6.460494173,0.374531835,,2.397260274,4.2,,,12.87,2.25,
4/1/1956,0,2.65,5.984034661,0.74906367,,2.730375427,4,,,13.13,2.6,
5/1/1956,0,2.75,3.403370754,1.123595506,,4.12371134,4.3,,,12.82,2.61,
6/1/1956,0,2.75,2.352638027,1.872659176,,3.412969283,4.3,,,12.85,2.49,
7/1/1956,0,2.75,-1.556703667,2.23880597,,3.071672355,4.4,,,13.73,2.31,
8/1/1956,0,2.81,2.597233224,1.865671642,,3.401360544,4.1,,,13.83,2.6,
9/1/1956,0,3,4.258249669,1.858736059,,3.378378378,3.9,,,13.54,2.84,
10/1/1956,0,3,3.426678057,2.230483271,,3.378378378,3.9,,,13.43,2.9,
11/1/1956,0,3,2.278665756,2.230483271,,4.06779661,4.3,,,13.35,2.99,
12/1/1956,0,3,3.404592612,2.985074627,,4.406779661,4.2,,,13.62,3.21,
1/1/1957,0,3,2.381196517,2.985074627,,4.377104377,4.2,,,13.34,3.11,
2/1/1957,0,3,4.298597854,3.358208955,,4.026845638,3.9,,,12.77,3.1,
3/1/1957,0,3,4.172113187,3.731343284,,3.678929766,3.7,,,12.95,3.08,
4/1/1957,0,3,2.007587954,3.717472119,,3.322259136,3.9,,,13.22,3.07,
5/1/1957,0,3,2.531484664,3.703703704,,2.310231023,4.1,,,13.71,3.06,
6/1/1957,0,3,3.703633332,3.308823529,,2.640264026,4.3,,,13.9,3.29,
7/1/1957,0,3,7.641985593,3.284671533,,3.642384106,4.2,,,14.12,3.16,
8/1/1957,0,3.15,3.417998635,3.663003663,,3.289473684,4.1,,,13.27,3.37,
9/1/1957,1,3.5,0.247646666,3.284671533,,2.287581699,4.4,,,12.67,3.53,
10/1/1957,1,3.5,-2.08600492,2.909090909,,1.960784314,4.5,,,12,3.58,
11/1/1957,1,3.23,-3.589035421,3.272727273,,1.954397394,5.1,,,11.86,3.31,
12/1/1957,1,3,-6.829469635,2.898550725,,1.948051948,5.2,,,11.97,3.04,
1/1/1958,1,2.94,-8.201124439,3.623188406,2.807017544,1.612903226,5.8,,,12.49,2.44,
2/1/1958,1,2.75,-11.03031341,3.249097473,2.797202797,1.612903226,6.4,,,12.83,1.53,
3/1/1958,1,2.35,-12.01460638,3.597122302,2.787456446,2.258064516,6.7,,,13.41,1.3,
4/1/1958,1,2.03,-12.30025299,3.584229391,2.430555556,1.607717042,7.4,,,13.79,1.13,
5/1/1958,0,1.75,-11.11111111,3.214285714,2.430555556,2.258064516,7.4,,,14.57,0.91,
6/1/1958,0,1.75,-8.990014657,2.846975089,2.422145329,1.607717042,7.3,,,15.27,0.83,
7/1/1958,0,1.75,-8.201124439,2.473498233,2.068965517,0.958466454,7.5,,,15.78,0.91,
8/1/1958,0,1.75,-6.365146928,2.120141343,2.068965517,0.636942675,7.4,,,16.47,1.69,
9/1/1958,0,1.91,-4.691367095,2.120141343,2.06185567,0.958466454,7.1,,,17,2.44,
10/1/1958,0,2,-2.130446131,2.120141343,1.712328767,0.961538462,6.7,,,17.67,2.63,
11/1/1958,0,2.4,3.208911042,2.112676056,1.706484642,0.958466454,6.2,,,18.19,2.67,
12/1/1958,0,2.5,5.366722813,1.76056338,2.04778157,0.636942675,6.2,,,18.51,2.77,
1/1/1959,0,2.5,8.933796182,1.398601399,2.04778157,0.634920635,6,,,18.77,2.82,
2/1/1959,0,2.5,13.48727381,1.048951049,1.700680272,0.634920635,5.9,,,18.04,2.7,
3/1/1959,0,2.92,16.55166753,0.347222222,1.694915254,0,5.6,,,18.06,2.8,
4/1/1959,0,3,21.03786085,0.346020761,1.694915254,0.632911392,5.2,,,17.81,2.95,
5/1/1959,0,3.05,21.66707992,0.346020761,2.033898305,0.315457413,5.1,,,17.55,2.84,
6/1/1959,0,3.5,18.67403482,0.692041522,2.027027027,0.316455696,5,,,16.9,3.21,
7/1/1959,0,3.5,14.13339945,0.689655172,2.027027027,0.316455696,5.1,,,17.52,3.2,
8/1/1959,0,3.5,8.104704813,1.038062284,2.027027027,0,5.2,,,17.37,3.38,
9/1/1959,0,3.83,6.994401781,1.384083045,2.02020202,0.316455696,5.5,,,16.63,4.04,
10/1/1959,0,4,4.993690025,1.730103806,2.356902357,0.317460317,5.7,,,16.68,4.05,
11/1/1959,0,4,2.612307963,1.379310345,2.013422819,-0.316455696,5.8,,,16.82,4.15,
12/1/1959,0,4,8.820077805,1.730103806,2.006688963,-0.316455696,5.3,,,17.42,4.49,
1/1/1960,0,4,10.03664671,1.034482759,2.006688963,-0.315457413,5.2,5.490753912,5.71708592,17.12,4.35,
2/1/1960,0,4,6.963110472,1.730103806,2.341137124,-0.315457413,4.8,5.213941627,5.071059432,16.45,3.96,
3/1/1960,0,4,4.497057568,1.730103806,2,0.315457413,5.4,4.701576577,5.596418292,16.23,3.31,
4/1/1960,0,4,1.506688733,1.724137931,2,0,5.2,4.606365159,7.783472133,16.65,3.23,
5/1/1960,1,4,-0.114211474,1.724137931,1.661129568,-0.314465409,5.1,4.357479878,4.397342613,16.72,3.29,
6/1/1960,1,3.65,-1.482631246,1.718213058,1.655629139,0,5.4,3.833425262,3.739786298,17.56,2.46,
7/1/1960,1,3.5,0.584401477,1.369863014,1.324503311,0,5.5,4.106945976,4.27942102,17.11,2.3,
8/1/1960,1,3.18,3.99050159,1.369863014,1.324503311,0,5.6,4.512735327,3.560274828,17.3,2.3,
9/1/1960,1,3,3.026782659,1.023890785,0.99009901,-0.315457413,5.5,4.416229644,2.837754473,16.76,2.48,
10/1/1960,1,3,3.658531054,1.360544218,1.315789474,0.316455696,6.1,4.595487067,3.903345725,16.43,2.3,
11/1/1960,1,3,1.575630252,1.360544218,1.315789474,0.634920635,6.1,3.685503686,3.871167544,16.96,2.37,
12/1/1960,1,3,-6.164447539,1.360544218,0.655737705,0.634920635,6.6,2.160994057,2.60142459,17.37,2.25,
1/1/1961,1,3,-8.453862448,1.706484642,0.983606557,0.632911392,6.6,2.993527508,2.657601978,18.6,2.24,
2/1/1961,1,3,-7.744165369,1.360544218,0.653594771,0.632911392,6.9,3.36654996,2.582231786,19.74,2.42,
3/1/1961,0,3,-6.342192831,1.360544218,0.980392157,0,6.9,3.576230169,2.271350697,20.75,2.39,
4/1/1961,0,3,-3.65306885,1.016949153,0.980392157,-0.628930818,7,2.962369896,0.326894502,21.44,2.29,
5/1/1961,0,3,-2.057307053,1.016949153,0.980392157,-0.630914826,7.1,3.510638298,3,21.8,2.29,
6/1/1961,0,3,0.578990189,0.675675676,0.977198697,-1.261829653,6.9,4.462151394,3.271735838,21.66,2.33,
7/1/1961,0,3,2.090325925,1.351351351,1.307189542,-0.630914826,7,4.712734975,2.776101388,21.55,2.24,
8/1/1961,0,3,3.139352841,1.013513514,1.633986928,-0.316455696,6.6,4.874172185,3.166465621,22.27,2.39,
9/1/1961,0,3,4.11309144,1.351351351,1.633986928,-0.316455696,6.7,4.863864658,3.299340132,22.05,2.28,
10/1/1961,0,3,6.235314194,0.67114094,0.974025974,-0.630914826,6.5,5.44593528,3.309481216,21.96,2.3,
11/1/1961,0,3,9.426969833,0.67114094,1.298701299,-0.630914826,6.1,6.529752501,4.323196184,22.61,2.48,
12/1/1961,0,3,12.53025895,0.67114094,1.628664495,-0.315457413,6,7.641459545,6.368849985,22.49,2.6,
1/1/1962,0,3,11.42137944,0.67114094,1.298701299,-0.314465409,5.8,6.546216287,6.321493076,21.25,2.72,
2/1/1962,0,3,13.38180798,1.006711409,1.298701299,-0.314465409,5.5,6.774361647,6.083308361,21.21,2.73,
3/1/1962,0,3,13.30137214,1.006711409,1.294498382,-0.314465409,5.6,7.242990654,5.833580101,20.86,2.72,
4/1/1962,0,3,11.25575082,1.342281879,1.294498382,0,5.6,7.672369103,6.338862559,20,2.73,
5/1/1962,0,3,9.451477526,1.342281879,1.618122977,0,5.5,6.860226105,6.501912327,18.33,2.69,
6/1/1962,0,3,7.709954375,1.342281879,1.290322581,0.638977636,5.5,5.822527333,5.720152537,16.03,2.73,
7/1/1962,0,3,7.508441443,1,1.290322581,0.317460317,5.4,5.638432364,6.106870229,16.32,2.92,
8/1/1962,0,3,6.651571378,1.337792642,1.286173633,0.317460317,5.7,5.784288962,6.08009354,16.67,2.82,
9/1/1962,0,3,7.449090535,1.333333333,1.286173633,1.26984127,5.6,6.125535669,7.084785134,16.43,2.78,
10/1/1962,0,3,5.537364027,1.333333333,1.286173633,0.634920635,5.4,5.439121756,5.772005772,15.7,2.74,
11/1/1962,0,3,4.362180644,1.333333333,0.961538462,0.634920635,5.7,4.819574889,6.230351529,16.57,2.83,
12/1/1962,0,3,3.459562046,1.333333333,1.282051282,0,5.5,4.618029968,6.015891033,17.07,2.87,
1/1/1963,0,3,5.125511557,1.333333333,0.961538462,-0.315457413,5.7,5.677070533,6.002265006,17.66,2.91,
2/1/1963,0,3,4.614021645,0.996677741,1.282051282,-0.630914826,5.9,4.416788677,5.480225989,17.83,2.92,
3/1/1963,0,3,4.695767458,1.328903654,1.277955272,-0.630914826,5.7,3.945775841,4.924454393,17.7,2.89,
4/1/1963,0,3,5.431622476,0.993377483,1.277955272,-0.632911392,5.7,3.779489649,4.846796657,18.32,2.9,
5/1/1963,0,3,6.82323739,0.993377483,0.955414013,0,5.9,4.231786487,4.198895028,18.47,2.93,
6/1/1963,0,3,7.37185091,1.324503311,1.27388535,0.317460317,5.6,4.901489668,5.910099889,18.26,2.99,
7/1/1963,0,3.24,5.926109596,1.320132013,1.27388535,0.316455696,5.6,4.83484921,6.364139458,17.8,3.18,
8/1/1963,0,3.5,6.025602718,1.320132013,1.26984127,0,5.4,5.133715377,6.448057316,18.11,3.32,
9/1/1963,0,3.5,6.407201069,0.986842105,1.26984127,-0.940438871,5.5,5.344418052,4.528199566,18.4,3.38,
10/1/1963,0,3.5,7.030374935,1.315789474,1.587301587,-0.315457413,5.5,5.773781354,5.320600273,18.35,3.45,
11/1/1963,0,3.5,7.10554748,1.315789474,1.587301587,0,5.7,5.753360057,4.761904762,18.16,3.52,
12/1/1963,0,3.5,6.896457914,1.644736842,1.582278481,0,5.5,6.316036628,5.647751606,18.45,3.52,
1/1/1964,0,3.5,7.053953115,1.644736842,2.222222222,0.632911392,5.6,5.88372093,5.982905983,18.77,3.52,
2/1/1964,0,3.5,6.563899506,1.644736842,1.898734177,0.317460317,5.4,6.894134143,7.17728977,18.75,3.53,
3/1/1964,0,3.5,5.912215318,1.31147541,1.577287066,0.317460317,5.4,9.105728924,7.146666667,18.85,3.54,
4/1/1964,0,3.5,6.666566483,1.31147541,1.577287066,0.636942675,5.3,9.348179077,7.01381509,18.9,3.47,
5/1/1964,0,3.5,5.988010616,1.31147541,1.577287066,0,5.1,9.319492503,8.271474019,18.86,3.48,
6/1/1964,0,3.5,5.970127159,1.307189542,1.572327044,-0.316455696,5.2,9.070087036,7.780979827,18.53,3.48,
7/1/1964,0,3.5,7.093068189,1.302931596,1.572327044,-0.315457413,4.9,9.360730594,7.934443288,19.01,3.46,
8/1/1964,0,3.5,7.577297033,0.977198697,1.253918495,0,5,9.357256416,8.128397618,18.54,3.5,
9/1/1964,0,3.5,6.910288513,1.302931596,1.253918495,0.316455696,5.1,9.177001127,8.067444877,18.66,3.53,
10/1/1964,0,3.5,4.705646411,0.974025974,1.25,0.316455696,5.1,8.344519016,8.704663212,18.87,3.57,
11/1/1964,0,3.62,7.414664591,1.298701299,1.5625,0,4.8,8.829431438,6.933744222,18.89,3.64,
12/1/1964,0,4,8.895441209,0.970873786,1.246105919,0.316455696,5,8.988515901,6.663288574,18.45,3.84,
1/1/1965,0,4,9.10833925,0.970873786,1.242236025,0,4.9,8.719525588,6.955645161,18.75,3.81,
2/1/1965,0,4,9.047334376,0.970873786,1.242236025,0.949367089,5.1,8.307826847,7.796101949,18.71,3.93,
3/1/1965,0,4,10.49102748,1.294498382,1.242236025,0.949367089,4.7,6.232657417,7.839721254,18.55,3.93,
4/1/1965,0,4,9.185556698,1.618122977,1.552795031,1.265822785,4.8,5.854900297,8.515392254,18.59,3.93,
5/1/1965,0,4,9.41629281,1.618122977,1.552795031,1.904761905,4.6,6.689174931,7.149853085,18.65,3.89,
6/1/1965,0,4,9.953063448,1.935483871,1.238390093,2.857142857,4.6,6.635867283,5.785123967,17.57,3.8,
7/1/1965,0,4,10.26104515,1.607717042,1.238390093,2.53164557,4.4,7.202505219,6.290672451,17.38,3.84,
8/1/1965,0,4,10.00903112,1.935483871,1.238390093,2.53164557,4.4,7.206645898,6.392147474,17.53,3.84,
9/1/1965,0,4,9.880041074,1.607717042,1.547987616,2.208201893,4.3,9.438248658,8.497359578,17.95,3.92,
10/1/1965,0,4,12.54710082,1.92926045,1.234567901,2.523659306,4.2,8.920090853,9.270734032,18.1,4.03,
11/1/1965,0,4,9.627630285,1.602564103,1.230769231,2.839116719,4.1,9.0145462,10.25456292,18,4.09,
12/1/1965,0,4.42,9.694909822,1.923076923,1.538461538,3.470031546,4,8.672745694,9.667458432,17.67,4.38,
1/1/1966,0,4.5,9.591602146,1.923076923,1.226993865,3.459119497,4,8.525252525,9.613572102,17.81,4.59,
2/1/1966,0,4.5,9.620289731,2.564102564,1.533742331,4.07523511,3.8,9.345983044,8.993973111,17.52,4.65,
3/1/1966,0,4.5,9.668891337,2.555910543,1.533742331,4.07523511,3.8,9.543901949,9.623817217,16.64,4.59,
4/1/1966,0,4.5,9.36697591,2.866242038,1.834862385,3.75,3.8,9.218436874,9.105467856,17.03,4.62,
5/1/1966,0,4.5,9.552403144,2.866242038,2.140672783,3.426791277,3.9,8.089398734,8.112431444,16.01,4.64,
6/1/1966,0,4.5,9.222662652,2.53164557,2.44648318,2.777777778,3.8,8.349743994,9.260110294,15.76,4.5,
7/1/1966,0,4.5,8.798587796,2.848101266,2.752293578,3.395061728,3.8,7.711781889,8.979591837,15.67,4.8,
8/1/1966,0,4.5,8.424697238,3.481012658,3.058103976,3.703703704,3.8,8.117008911,8.730873087,14.68,4.96,
9/1/1966,0,4.5,9.159811472,3.481012658,3.048780488,3.703703704,3.7,6.284204567,8.230088496,14.12,5.37,
10/1/1966,0,4.5,8.818332874,3.785488959,3.658536585,2.769230769,3.7,7.393364929,6.499454744,13.96,5.35,
11/1/1966,0,4.5,7.621955917,3.785488959,3.343465046,2.147239264,3.6,7.122721293,6.752341538,14.63,5.32,
12/1/1966,0,4.5,6.546524793,3.459119497,3.333333333,1.524390244,3.8,6.414320343,6.519384882,14.65,4.96,
1/1/1967,0,4.5,6.008161986,3.459119497,3.636363636,1.519756839,3.9,7.334326136,6.233877902,15.31,4.72,
2/1/1967,0,4.5,4.130768747,2.8125,3.32326284,0.602409639,3.8,6.774967694,4.849000425,15.93,4.56,
3/1/1967,0,4.5,2.145617186,2.803738318,3.625377644,0.301204819,3.8,6.93323551,4.378947368,16.41,4.26,
4/1/1967,0,4.1,2.945357802,2.476780186,3.303303303,-0.301204819,3.8,7.119266055,5.116376599,16.81,3.84,
5/1/1967,0,4,1.085406757,2.786377709,3.293413174,0.301204819,3.8,7.246111619,6.150919467,17.24,3.6,
6/1/1967,0,4,0.598753639,2.777777778,3.28358209,0.600600601,3.9,7.270083606,6.58254469,17.15,3.54,
7/1/1967,0,4,-0.176710637,2.769230769,3.273809524,0,3.8,7.485084072,5.43071161,17.48,4.21,
8/1/1967,0,4,1.656783188,2.44648318,3.560830861,-0.595238095,3.8,7.238846085,5.504966887,17.79,4.27,
9/1/1967,0,4,0.554030104,2.752293578,3.550295858,-0.595238095,3.8,6.569602273,5.396565822,18.08,4.42,
10/1/1967,0,4,0.675618037,2.431610942,3.235294118,0,4,6.40776699,4.89453205,18.02,4.56,
11/1/1967,0,4.18,2.823127888,2.73556231,3.529411765,0.3003003,3.9,6.754385965,5.570291777,17.42,4.73,
12/1/1967,0,4.5,3.690743148,3.039513678,3.812316716,1.201201201,3.8,6.973891712,6.77104514,17.88,4.97,
1/1/1968,0,4.5,3.093120586,3.647416413,3.801169591,1.19760479,3.7,6.954561221,7.426143262,17.71,5,
2/1/1968,0,4.5,4.64933698,3.951367781,4.385964912,1.796407186,3.8,7.814661134,8.235294118,16.8,4.98,
3/1/1968,0,4.66,5.571092672,3.939393939,4.373177843,2.402402402,3.7,8.33619211,9.78217023,16.38,5.17,
4/1/1968,0,5.2,4.736009718,3.927492447,4.360465116,3.021148036,3.5,8.890030832,8.517853581,17.45,5.38,
5/1/1968,0,5.5,6.843110789,3.915662651,4.347826087,2.702702703,3.5,9.315816414,9.4782955,17.71,5.66,
6/1/1968,0,5.5,7.248944904,4.204204204,4.624277457,2.089552239,3.7,9.386648594,9.767166535,18.04,5.52,
7/1/1968,0,5.5,7.328944929,4.491017964,4.899135447,2.388059701,3.7,8.713204373,11.1505822,17.91,5.31,
8/1/1968,0,5.48,5.605162537,4.47761194,4.584527221,2.395209581,3.5,8.571428571,11.22008631,17.43,5.09,
9/1/1968,0,5.25,6.177497338,4.464285714,4.857142857,2.994011976,3.4,8.647117627,10.20170675,17.9,5.19,
10/1/1968,0,5.25,5.528817638,4.747774481,5.128205128,2.994011976,3.4,9.04114134,11.59703241,18.23,5.35,
11/1/1968,0,5.25,5.386530333,4.733727811,5.397727273,3.293413174,3.4,8.79211175,11.46115191,18.41,5.45,
12/1/1968,0,5.36,4.59302726,4.719764012,5.084745763,2.670623145,3.4,9.041769042,9.788611693,18.49,5.96,
1/1/1969,0,5.5,5.339014603,4.398826979,5.070422535,2.958579882,3.4,8.172531215,9.907703899,17.65,6.14,
2/1/1969,0,5.5,5.63460788,4.678362573,5.322128852,2.941176471,3.4,7.264271969,10.32608696,17.5,6.12,
3/1/1969,0,5.5,6.131550831,5.247813411,5.586592179,3.225806452,3.4,6.602279924,8.194010656,17.06,6.02,
4/1/1969,0,5.95,5.588442874,5.523255814,6.128133705,3.519061584,3.4,6.229353469,9.172794118,17.39,6.11,
5/1/1969,0,6,4.022355739,5.507246377,5.833333333,3.801169591,3.4,7.023567973,9.185158239,17.93,6.04,
6/1/1969,0,6,4.654234173,5.475504323,5.801104972,4.385964912,3.5,7.481412639,8.017256876,16.98,6.44,
7/1/1969,0,6,5.368094847,5.444126074,5.769230769,4.373177843,3.5,8.587343339,7.013494318,16.17,7,
8/1/1969,0,6,5.316273736,5.714285714,6.02739726,4.385964912,3.5,8.971991382,7.566137566,16.04,6.98,
9/1/1969,0,6,4.895290556,5.698005698,5.994550409,4.069767442,3.7,9.277718141,7.919746568,16.05,7.09,
10/1/1969,0,6,4.718316833,5.66572238,5.962059621,4.360465116,3.7,9.03696942,8.205038488,16.32,7,
11/1/1969,0,6,2.406582431,5.93220339,5.660377358,4.637681159,3.5,8.912386707,7.594936709,16.54,7.24,
12/1/1969,0,6,1.810318261,6.197183099,5.913978495,4.913294798,3.5,9.01306895,8.031222897,15.76,7.82,
1/1/1970,1,6,-0.675997633,6.179775281,6.166219839,4.885057471,3.9,9.743666617,7.746358183,15.76,7.87,
2/1/1970,1,6,-1.372535757,6.145251397,5.85106383,4.857142857,4.2,10.24069368,7.694921012,15.35,7.13,
3/1/1970,1,6,-2.266837372,5.817174515,6.084656085,4.261363636,4.4,10.20347542,7.36967227,15.75,6.63,
4/1/1970,1,6,-2.158362846,6.060606061,6.036745407,4.249291785,4.6,11.6244632,7.088735477,15.37,6.51,
5/1/1970,1,6,-1.901552033,6.043956044,6.299212598,3.661971831,4.8,9.829371445,7.013160087,13.69,6.84,
6/1/1970,1,6,-3.164943276,6.010928962,6.527415144,3.361344538,4.9,9.035884133,7.555333666,13.69,6.68,
7/1/1970,1,6,-3.436800279,5.97826087,6.233766234,3.631284916,5,9.746366486,7.599137216,13.85,6.45,
8/1/1970,1,6,-3.82996235,5.405405405,6.201550388,3.361344538,5.1,9.391328908,7.050336121,14.39,6.41,
9/1/1970,1,6,-4.471254758,5.660377358,6.16966581,3.631284916,5.4,9.079427449,7.485322896,15.41,6.12,
10/1/1970,1,6,-6.409836987,5.63002681,6.138107417,3.342618384,5.5,8.63680759,6.434923201,15.97,5.91,
11/1/1970,1,5.85,-6.091544753,5.6,6.632653061,2.770083102,5.9,8.252427184,5.817888799,16.19,5.28,
12/1/1970,0,5.52,-3.676299382,5.570291777,6.598984772,2.203856749,6.1,8.515915668,6.872190109,17.55,4.87,
1/1/1971,0,5.23,-1.103929652,5.291005291,6.313131313,2.191780822,5.9,9.45226062,7.539366948,18.12,4.44,
2/1/1971,0,4.91,-1.227309415,5,6.030150754,2.72479564,5.9,9.126661242,7.160883281,18.71,3.7,
3/1/1971,0,4.75,-1.20619074,4.712041885,5.236907731,2.997275204,6,9.164420485,7.860192946,19.08,3.38,
4/1/1971,0,4.75,-0.395068528,4.155844156,4.95049505,2.989130435,5.9,8.105598302,8.301886792,19.61,3.86,
5/1/1971,0,4.75,0.227190787,4.404145078,5.185185185,3.532608696,5.9,9.095737618,7.580946451,19.22,4.14,
6/1/1971,0,4.75,0.973946531,4.639175258,4.901960784,3.52303523,5.9,11.36664023,8.277889525,18.74,4.75,
7/1/1971,0,4.88,0.43431082,4.358974359,4.88997555,3.234501348,6,8.179693586,7.771781033,18.48,5.4,
8/1/1971,0,5,0.029767679,4.615384615,4.622871046,4.33604336,6.1,8.249419055,7.964466228,18.03,4.94,
9/1/1971,0,5,2.361007777,4.081632653,4.11622276,3.234501348,6,8.671040782,8.177818237,18.31,4.69,
10/1/1971,0,5,5.232413656,3.807106599,3.855421687,3.234501348,5.8,9.016182892,8.734619474,17.62,4.46,
11/1/1971,0,4.9,6.322930204,3.282828283,3.349282297,3.234501348,6,9.224855862,9.792872373,16.54,4.22,
12/1/1971,0,4.63,5.135636012,3.266331658,3.095238095,4.043126685,6,9.231746032,9.435096154,17.4,4.01,
1/1/1972,0,4.5,6.833713591,3.266331658,3.325415677,4.021447721,5.8,7.250717584,8.194054134,18.01,3.38,
2/1/1972,0,4.5,8.113088133,3.50877193,3.317535545,3.978779841,5.7,7.866285572,8.360317928,18.22,3.2,
3/1/1972,0,4.5,8.997147539,3.5,3.317535545,3.703703704,5.8,7.765432099,9.853372434,18.54,3.73,
4/1/1972,0,4.5,9.462628003,3.49127182,3.301886792,3.693931398,5.7,7.240152166,9.24796748,18.56,3.71,
5/1/1972,0,4.5,8.918647986,3.225806452,3.051643192,3.674540682,5.7,7.375851996,9.680219939,18.2,3.69,
6/1/1972,0,4.5,8.746292716,2.709359606,2.803738318,3.926701571,5.7,5.19819606,8.831094598,18.09,3.91,
7/1/1972,0,4.5,8.960101015,2.948402948,2.797202797,4.438642298,5.6,7.537205953,10.158821,17.79,3.98,
8/1/1972,0,4.5,11.11013686,2.941176471,3.023255814,4.155844156,5.6,8.16935003,10.12909633,18.25,4.02,
9/1/1972,0,4.5,10.17031134,3.18627451,3.023255814,4.960835509,5.5,8.275127264,9.551192146,17.82,4.66,
10/1/1972,0,4.5,10.76117393,3.422982885,3.016241299,4.699738903,5.6,10.57964185,11.05057279,17.58,4.74,
11/1/1972,0,4.5,11.59354375,3.667481663,2.777777778,5.221932115,5.3,11.64809384,11.04175336,18.19,4.78,
12/1/1972,0,4.5,11.55959647,3.406326034,3.002309469,6.476683938,5.2,11.50895141,10.66721582,18.3,5.07,
1/1/1973,0,4.77,9.742704386,3.649635036,2.528735632,7.216494845,4.9,11.36839656,11.61995899,18.09,5.41,
2/1/1973,0,5.05,10.23218476,3.87409201,2.752293578,8.163265306,5,11.67050691,12.17060581,17.11,5.6,
3/1/1973,0,5.5,9.497005283,4.589371981,3.211009174,10.71428571,4.9,12.23507847,11.15856914,16.53,6.09,
4/1/1973,0,5.5,8.262114489,5.060240964,2.96803653,10.94147583,5,13.09074265,11.05647841,15.89,6.26,
5/1/1973,0,5.9,8.969091192,5.528846154,3.189066059,12.65822785,4.9,12.78621628,11.02902375,15.13,6.36,
6/1/1973,0,6.33,8.817673616,5.995203837,3.181818182,14.60957179,4.9,13.23330325,10.85871849,14.5,7.19,
7/1/1973,0,6.98,9.320807322,5.727923628,3.174603175,12.25,4.8,12.70089286,10.93648526,14.33,8.01,
8/1/1973,0,7.29,7.683901161,7.380952381,3.16027088,18.45386534,4.8,12.2491731,9.918845807,13.77,8.67,
9/1/1973,0,7.5,7.72162563,7.363420428,3.837471783,16.16915423,4.8,12.33326044,11.27896556,13.73,8.29,
10/1/1973,0,7.5,7.201398293,7.80141844,4.279279279,15.46134663,4.6,11.04836991,9.221285696,13.99,7.22,
11/1/1973,0,7.5,6.430189099,8.254716981,4.72972973,15.38461538,4.8,10.57995377,9.544034978,12.74,7.83,
12/1/1973,1,7.5,4.953399437,8.705882353,4.708520179,15.32846715,4.9,10.22727273,8.745813175,11.62,7.45,
1/1/1974,1,7.5,3.50623133,9.389671362,5.156950673,17.78846154,5.1,10.70943475,8.328230251,11.68,7.77,
2/1/1974,1,7.5,1.726962075,10.02331002,5.357142857,17.9245283,5.2,9.759620345,7.737951078,11.27,7.12,
3/1/1974,1,7.5,1.672792924,10.3926097,5.777777778,16.58986175,5.1,9.07420639,8.237271854,11.66,7.96,
4/1/1974,1,7.6,1.514427553,10.09174312,6.208425721,16.97247706,5.1,8.802995042,8.986478401,10.89,8.33,
5/1/1974,1,8,1.662261603,10.70615034,7.06401766,16.40449438,5.1,9.025125628,9.600760456,10.41,8.23,
6/1/1974,1,8,1.354422406,10.85972851,7.929515419,14.28571429,5.4,8.777523164,9.913537842,10.27,7.9,
7/1/1974,1,8,1.169827974,11.51241535,8.791208791,20.26726058,5.5,9.338482868,9.811497483,8.95,7.55,
8/1/1974,1,8,0.245611308,10.86474501,9.846827133,17.68421053,5.5,9.429329143,11.8949959,8.46,8.96,
9/1/1974,1,8,-0.536888207,11.94690265,10.2173913,19.70021413,5.9,9.451041464,9.882650713,7.48,8.06,
10/1/1974,1,8,-1.634604036,12.06140351,10.58315335,22.89416847,6,9.008922575,10.48145589,7.68,7.46,
11/1/1974,1,8,-5.305413767,12.20043573,10.96774194,23.44086022,6.6,8.180522565,9.043220436,8,7.47,
12/1/1974,1,7.81,-8.454554777,12.33766234,11.3490364,20.88607595,7.2,8.559538447,9.719370294,7.54,7.15,
1/1/1975,1,7.4,-9.121738118,11.80257511,11.51385928,17.14285714,8.1,8.92789732,10.2996043,8.3,6.26,
2/1/1975,1,6.82,-10.93986105,11.22881356,11.86440678,14.4,8.1,9.136197011,11.2060245,9.32,5.5,
3/1/1975,1,6.4,-11.89406641,10.25104603,11.34453782,12.45059289,8.6,9.114729553,9.895717772,9.91,5.49,
4/1/1975,0,6.25,-11.4622235,10.20833333,11.27348643,12.74509804,8.8,10.79698689,9.244620114,10.22,5.61,
5/1/1975,0,6.12,-12.42127646,9.465020576,10.30927835,11.77606178,9,16.62057522,10.46183868,11.09,5.23,
6/1/1975,0,6,-11.70627687,9.387755102,9.795918367,11.53846154,8.8,12.67631434,10.64655172,11.61,5.34,
7/1/1975,0,6,-10.96217415,9.71659919,9.090909091,8.703703704,8.6,10.64215198,10.86469773,11.72,6.13,
8/1/1975,0,6,-9.128488229,8.6,7.96812749,5.545617174,8.4,10.86078449,9.65647256,10.95,6.44,
9/1/1975,0,6,-7.962567141,7.90513834,7.495069034,6.26118068,8.4,10.64473099,10.43869752,10.91,6.42,
10/1/1975,0,6,-7.278980943,7.436399217,7.03125,5.096660808,8.4,10.6055272,10.60258549,11.32,5.96,
11/1/1975,0,6,-3.984173594,7.378640777,6.976744186,3.658536585,8.3,10.99595995,12.50784355,11.41,5.48,
12/1/1975,0,6,0.942627249,6.936416185,6.730769231,4.188481675,8.2,10.82070047,13.54751508,11.14,5.44,
1/1/1976,0,5.79,3.725052324,6.717850288,6.883365201,4.355400697,7.9,11.34985271,13.47888479,11.82,4.87,
2/1/1976,0,5.5,7.210184088,6.285714286,6.439393939,4.72027972,7.7,11.52355525,11.95674146,11.94,4.88,
3/1/1976,0,5.5,8.620995752,6.072106262,6.603773585,5.448154657,7.6,11.55231561,12.54795074,11.67,5,
4/1/1976,0,5.5,8.960714821,6.049149338,6.378986867,5.391304348,7.7,9.568574786,13.10552764,11.51,4.86,
5/1/1976,0,5.5,9.73640935,6.203007519,6.542056075,5.008635579,7.4,3.68350328,10.18745706,11.18,5.2,
6/1/1976,0,5.5,9.163808392,5.970149254,6.319702602,5.517241379,7.6,7.193952203,11.07323724,11.01,5.41,
7/1/1976,0,5.5,8.651433945,5.350553506,6.666666667,4.940374787,7.8,9.111001965,10.55972302,11.14,5.23,
8/1/1976,0,5.5,8.329757877,5.709023941,6.826568266,4.06779661,7.8,8.736134726,10.6017192,10.93,5.14,
9/1/1976,0,5.5,7.297256971,5.494505495,6.788990826,4.04040404,7.6,8.56775438,10.80773606,11.05,5.08,
10/1/1976,0,5.5,6.806565014,5.464480874,6.751824818,3.511705686,7.7,7.861860428,10.92468659,10.54,4.92,
11/1/1976,0,5.43,8.294446758,4.882459313,6.34057971,4.201680672,7.8,8.719734135,10.52240193,10.34,4.75,
12/1/1976,0,5.25,8.003031684,4.864864865,6.126126126,4.690117253,7.8,9.033018868,10.93306474,10.57,4.35,
1/1/1977,0,5.25,5.851637662,5.215827338,6.082289803,4.841402337,7.5,8.325552443,9.746183723,10.41,4.62,
2/1/1977,0,5.25,6.457209166,5.913978495,6.227758007,6.010016694,7.6,7.398254691,11.15825585,10.08,4.67,
3/1/1977,0,5.25,7.577878249,6.440071556,6.194690265,6.833333333,7.4,8.956715615,11.06825724,9.98,4.6,
4/1/1977,0,5.25,8.09003074,6.951871658,6.349206349,7.095709571,7.2,9.368775854,10.83170428,9.72,4.54,
5/1/1977,0,5.25,8.462205191,6.725663717,6.315789474,7.236842105,7,9.415262636,11.971141,9.58,4.96,
6/1/1977,0,5.25,9.173783072,6.866197183,6.643356643,6.209150327,7.2,9.896109805,10.79351162,9.53,5.02,
7/1/1977,0,5.25,8.71120799,6.830122592,6.25,5.681818182,6.9,9.993247806,11.38656924,9.53,5.19,
8/1/1977,0,5.27,8.077223414,6.620209059,6.21761658,5.863192182,7,10.11913626,11.02763385,9.21,5.49,
9/1/1977,0,5.75,8.148741275,6.597222222,6.18556701,5.663430421,6.8,10.49748297,10.75462012,8.99,5.81,
10/1/1977,0,5.8,8.355937869,6.390328152,5.982905983,5.977382876,6.8,11.42751752,11.43779742,8.7,6.16,
11/1/1977,0,6,6.912050347,6.724137931,6.132879046,6.129032258,6.8,11.44104803,11.60639193,8.71,6.1,
12/1/1977,0,6,5.958830139,6.701030928,6.451612903,5.92,6.4,11.39952412,10.27651671,8.62,6.07,
1/1/1978,0,6.37,5.131269907,6.837606838,6.408094435,6.369426752,6.4,11.14782359,9.423868313,8.28,6.44,
2/1/1978,0,6.5,4.076635194,6.429780034,6.197654941,6.299212598,6.3,12.44696915,10.05441403,8.16,6.45,
3/1/1978,0,6.5,4.738783773,6.554621849,6.333333333,6.24024961,6.3,11.98842789,11.2412178,8.13,6.29,
4/1/1978,0,6.5,5.789183691,6.5,6.633499171,6.317411402,6.1,12.39055824,11.95382025,8.41,6.29,
5/1/1978,0,6.84,5.484942799,6.965174129,6.765676568,6.595092025,6,12.53483835,12.32201098,8.75,6.41,
6/1/1978,0,7,5.357556532,7.413509061,6.885245902,7.692307692,5.9,12.17913331,12.83634061,8.7,6.73,
7/1/1978,0,7.23,5.146392148,7.704918033,7.189542484,8.141321045,6.2,12.05238388,11.42522452,8.57,7.01,
8/1/1978,0,7.43,5.468844349,7.843137255,7.479674797,8.307692308,5.9,12.11711407,12.54569495,9.07,7.08,
9/1/1978,0,7.83,5.297825082,8.306188925,7.928802589,8.728943338,6,11.75130645,12.2363847,8.98,7.85,
10/1/1978,0,8.26,5.942437105,8.928571429,8.387096774,9.451219512,5.8,11.6128178,11.85755681,8.51,7.99,
11/1/1978,0,9.5,6.564177395,8.885298869,8.507223114,9.574468085,5.9,10.82810867,11.57498116,7.84,8.64,
12/1/1978,0,9.5,6.906426728,9.017713366,8.452950558,9.818731118,6,10.89967638,12.01347305,7.79,9.08,
1/1/1979,0,9.5,7.905084547,9.28,8.557844691,10.47904192,5.9,12.09771229,13.00488906,7.88,9.35,
2/1/1979,0,9.5,7.8545238,9.856915739,9.148264984,10.96296296,5.9,11.96444558,12.00649399,7.57,9.32,
3/1/1979,0,9.5,6.146582247,10.09463722,9.404388715,11.30690162,5.8,11.47375717,11.15789474,7.53,9.48,
4/1/1979,0,9.5,2.832944042,10.48513302,9.33125972,11.44927536,5.8,10.50105945,10.16900602,7.55,9.46,
5/1/1979,0,9.5,3.253575544,10.85271318,9.42812983,11.51079137,5.6,10.40802427,10.39660057,7.25,9.61,
6/1/1979,0,9.5,2.601886591,10.88957055,9.355828221,11.42857143,5.7,10.30940518,10.51339599,7.27,9.06,
7/1/1979,0,9.69,2.509594342,11.26331811,9.603658537,12.5,5.7,10.79254931,11.16484441,7.23,9.24,
8/1/1979,0,10.24,1.428342984,11.81818182,9.984871407,13.06818182,6,10.77136482,11.65169316,7.45,9.52,
9/1/1979,0,10.7,1.185092688,12.18045113,9.895052474,13.94366197,5.9,10.99520384,12.45784293,7.42,10.26,
10/1/1979,0,11.77,1.098213815,12.07153502,10.11904762,14.3454039,6,10.65962748,11.90946895,7.11,11.7,
11/1/1979,0,12,0.162922678,12.61127596,10.65088757,14.5631068,5.9,11.00766058,11.93435094,7.01,11.79,
12/1/1979,0,12,-0.268260533,13.29394387,11.32352941,14.71801926,6,11.11240808,11.34647511,7.25,12.04,
1/1/1980,0,12,0.812249325,13.90922401,11.97080292,15.44715447,6.3,11.68569123,12.97257721,7.39,12,
2/1/1980,1,12.52,0.344598586,14.18234443,11.99421965,16.02136182,6.3,11.26277914,12.0964554,7.61,12.86,
3/1/1980,1,13,-0.380910953,14.75644699,12.60744986,15.4353562,6.3,10.76757857,11.55956113,6.85,15.2,
4/1/1980,1,13,-1.163166712,14.73087819,13.08677098,14.17425228,6.9,10.97512831,10.1924077,6.79,13.2,
5/1/1980,1,12.94,-4.445070879,14.40559441,13.13559322,13.93548387,7.5,10.79519964,9.064665127,7.15,8.58,
6/1/1980,1,11.4,-5.686914652,14.38450899,13.60448808,13.71794872,7.6,11.10243685,9.081677984,7.67,7.07,
7/1/1980,1,10.87,-6.212629853,13.13269494,12.3783032,14.01515152,7.8,11.27410582,10.15068407,8.07,8.06,
8/1/1980,0,10,-5.296574705,12.87262873,11.82943604,14.94974874,7.7,11.29199107,9.173062639,8.38,9.13,
9/1/1980,0,10.17,-3.710819265,12.60053619,12.00545703,13.34981459,7.5,11.89910338,8.972397332,8.64,10.27,
10/1/1980,0,11,-3.155230944,12.76595745,12.16216216,13.03288672,7.5,12.81157867,10.69078947,8.86,11.62,
11/1/1980,0,11.47,-1.376974645,12.64822134,12.1657754,12.83292978,7.5,12.78798174,10.22747843,9.19,13.73,
12/1/1980,0,12.87,-0.79707719,12.51629726,12.15323646,12.47002398,7.2,12.83748293,11.12644782,9.01,15.49,
1/1/1981,0,13,-1.942468891,11.8251928,11.34289439,11.7370892,7.5,11.50054199,10.1749838,9.02,15.02,
2/1/1981,0,13,-2.394671582,11.40684411,10.83870968,10.58688147,7.4,11.64724603,10.7440931,8.76,14.79,
3/1/1981,0,13,-1.47672273,10.48689139,9.923664122,10.85714286,7.4,12.06307088,11.39796277,9.14,13.36,
4/1/1981,0,13,0.081006132,10,9.433962264,11.61731207,7.2,11.76500483,12.34072676,9.13,13.69,
5/1/1981,0,13.87,3.185896141,9.7799511,9.61298377,11.32502831,7.5,12.02105583,12.56984883,8.86,16.3,
6/1/1981,0,14,5.086948957,9.552599758,9.382716049,11.04847802,7.5,12.1260791,12.54945311,8.81,14.73,
7/1/1981,0,14,6.525607375,10.7617896,11.13861386,9.634551495,7.2,12.72404088,11.1613531,8.55,14.95,
8/1/1981,1,14,6.062019837,10.80432173,11.56211562,8.196721311,7.4,12.70975001,11.49790226,8.54,15.51,
9/1/1981,1,14,3.810567299,10.95238095,11.81485993,7.74263904,7.6,11.67640102,10.39033979,7.75,14.7,
10/1/1981,1,14,1.723535624,10.14150943,10.96385542,6.573275862,7.9,10.55357567,8.07880689,7.83,13.54,
11/1/1981,1,13.03,-1.114643116,9.590643275,10.25029797,6.008583691,8.3,10.14260837,7.871688198,8.02,10.86,
12/1/1981,1,12.1,-2.821256076,8.922363847,9.540636042,5.330490405,8.5,9.123917699,7.404007129,8.06,10.85,
1/1/1982,1,12,-4.215109146,8.390804598,9.25058548,4.726890756,8.6,9.309754178,6.796791444,7.73,12.28,
2/1/1982,1,12,-1.850859004,7.622298066,9.196740396,3.850156087,8.9,9.186206897,7.270990341,7.64,13.48,
3/1/1982,1,12,-3.006734363,6.779661017,8.680555556,2.680412371,9,8.401256773,6.369225918,7.48,12.68,
4/1/1982,1,12,-3.487337036,6.509539843,8.850574713,1.632653061,9.3,9.380683885,6.400966184,7.97,12.7,
5/1/1982,1,12,-4.676824623,6.681514477,8.656036446,1.525940997,9.4,8.883065245,6.829344759,8.09,12.09,
6/1/1982,1,12,-5.420420567,7.06401766,8.465011287,1.52284264,9.6,8.061772605,5.872318429,7.74,12.47,
7/1/1982,1,11.81,-6.346124813,6.441048035,7.683741648,1.414141414,9.8,7.341217696,6.698934143,7.83,11.35,
8/1/1982,1,10.68,-7.083435875,5.850487541,7.056229327,1.313131313,9.8,6.870957941,5.771382081,7.97,8.68,
9/1/1982,1,10,-6.867993309,5.042918455,5.882352941,1.214574899,10.1,6.682226833,7.077079624,9.03,7.92,
10/1/1982,1,9.68,-7.049909632,5.139186296,5.863192182,1.31445905,10.4,6.57611966,8.243800601,10.01,7.71,
11/1/1982,1,9.35,-6.251762192,4.589114194,5.189189189,1.518218623,10.8,6.700282027,9.06830407,10.67,8.07,
12/1/1982,0,8.73,-5.898257862,3.829787234,4.516129032,1.720647773,10.8,7.200750789,8.688656476,11.03,7.94,
1/1/1983,0,8.5,-2.149272817,3.711558855,4.608788853,0.501504514,10.4,7.297137049,8.857843874,11.48,7.86,
2/1/1983,0,8.5,-4.698137534,3.488372093,4.47761194,0.701402806,10.4,6.910055584,7.708292104,11.75,8.11,
3/1/1983,0,8.5,-3.249964617,3.597883598,4.579339723,0.803212851,10.3,7.300680501,8.828615187,12.23,8.35,
4/1/1983,0,8.5,-1.134731223,3.898840885,4.118268215,0.803212851,10.2,6.905009354,9.875141884,12.64,8.21,
5/1/1983,0,8.5,0.155715882,3.549060543,3.668763103,1.002004008,10.1,7.232965391,9.850819271,13.09,8.19,
6/1/1983,0,8.5,1.023007894,2.577319588,3.225806452,1,10.1,7.526614473,11.12738636,13.22,8.79,
7/1/1983,0,8.5,2.875631124,2.461538462,3.205791107,0.896414343,9.4,7.859299763,11.2054821,13.02,9.08,
8/1/1983,0,8.5,5.053650194,2.558853634,3.089598352,1.49551346,9.5,7.602956705,11.55232921,12.43,9.34,
9/1/1983,0,8.5,6.841913779,2.860061287,3.395061728,2,9.2,8.487966939,10.94269695,12.57,9,
10/1/1983,0,8.5,8.727219754,2.851323829,3.58974359,1.996007984,8.8,9.13050492,10.90413021,12.38,8.64,
11/1/1983,0,8.5,9.556749155,3.265306122,4.316546763,1.794616152,8.5,9.447336804,10.09631043,11.98,8.76,
12/1/1983,0,8.5,10.89789397,3.790983607,4.732510288,1.791044776,8.3,9.769200159,10.73279053,11.72,9,
1/1/1984,0,8.5,11.03350639,4.192229039,5.020491803,2.694610778,8,9.836194987,11.28794848,11.52,8.9,
2/1/1984,0,8.5,12.24386153,4.596527068,4.897959184,2.686567164,7.8,10.97325613,10.404226,10.59,9.09,
3/1/1984,0,8.5,11.83429603,4.80081716,5.091649695,3.486055777,7.8,11.37253367,10.38678046,10.31,9.52,
4/1/1984,0,8.87,11.10563021,4.563894523,5.172413793,3.585657371,7.7,11.79810235,10.37998563,10.12,9.69,
5/1/1984,0,9,11.00664148,4.233870968,5.257836198,3.273809524,7.4,11.55528037,10.17854758,9.86,9.83,
6/1/1984,0,9,10.73138211,4.221105528,5.342741935,2.97029703,7.2,11.98474459,9.648506151,9.45,9.87,
7/1/1984,0,9,9.416139485,4.204204204,5.210420842,2.86278381,7.5,10.5062046,8.253775386,9.26,10.12,
8/1/1984,0,9,8.25308153,4.291417166,5.294705295,1.964636542,7.5,11.33841625,8.265816239,10,10.47,
9/1/1984,0,9,6.418059415,4.270109235,5.273631841,1.37254902,7.3,11.09907757,8.518566106,10.03,10.37,
10/1/1984,0,9,5.540852012,4.257425743,5.148514851,1.174168297,7.4,9.785661493,7.367662029,9.94,9.74,
11/1/1984,0,8.83,5.427339687,4.051383399,4.827586207,1.567091087,7.2,9.334406674,8.667540041,10.01,8.61,
12/1/1984,0,8.37,4.947623133,3.948667325,4.911591356,1.173020528,7.3,9.294906652,7.89605615,9.89,8.06,
1/1/1985,0,8,2.860753525,3.532875368,4.487804878,0.485908649,7.3,8.854709455,8.241712821,10.36,7.76,
2/1/1985,0,8,2.697451051,3.515625,4.766536965,0.096899225,7.2,7.016858917,9.873101727,10.98,8.27,
3/1/1985,0,8,2.353380859,3.703703704,4.748062016,-0.769971126,7.2,5.922879539,8.92005264,10.95,8.52,
4/1/1985,0,8,1.549824546,3.685741998,4.532304725,-0.673076923,7.3,6.726956522,8.219735504,11.2,7.95,
5/1/1985,0,7.81,1.158158476,3.771760155,4.514889529,-0.576368876,7.2,9.314184619,8.967468175,11.65,7.48,
6/1/1985,0,7.5,0.750828987,3.760848602,4.401913876,-0.673076923,7.4,6.426089649,7.765667575,12.1,6.95,
7/1/1985,0,7.5,-0.048288423,3.554274736,4.19047619,-0.959692898,7.4,6.412407135,8.863144392,12.43,7.08,
8/1/1985,0,7.5,0.16321291,3.349282297,4.174573055,-1.05973025,7.1,5.654620652,9.549398933,12.26,7.14,
9/1/1985,0,7.5,0.813755689,3.142857143,3.969754253,-1.257253385,7.1,5.401862247,10.29678743,12.09,7.1,
10/1/1985,0,7.5,0.510737257,3.228869896,4.048964218,-0.483558994,7.1,6.260939814,8.868960613,12.39,7.16,
11/1/1985,0,7.5,0.519305246,3.51377018,4.417293233,-0.289296046,7,6.134538153,7.766197402,13.33,7.24,
12/1/1985,0,7.5,1.464054779,3.798670465,4.307116105,0.096618357,7,6.185943149,8.855417022,14.19,7.1,
1/1/1986,0,7.5,2.048072586,3.886255924,4.481792717,-0.193423598,6.7,6.381433429,7.954024744,14.28,7.07,
2/1/1986,0,7.5,1.038537967,3.113207547,4.178272981,-1.548886738,7.2,7.435659326,6.793395941,15.08,7.06,
3/1/1986,0,7.1,0.19881732,2.255639098,4.070305273,-2.715809893,7.2,8.362646844,6.611289409,16,6.56,
4/1/1986,0,6.83,0.511101924,1.590271282,4.151291513,-3.581800581,7.1,6.5995307,6.606504982,16.32,6.06,
5/1/1986,0,6.5,0.559480668,1.491146319,3.952205882,-3.381642512,7.2,4.074638233,5.974632844,16.28,6.15,
6/1/1986,0,6.5,0.211801298,1.765799257,3.941338222,-3.291384318,7.2,6.303132172,6.40663345,16.68,6.21,
7/1/1986,0,6.16,1.347401912,1.576994434,4.021937843,-3.682170543,7,6.360594556,6.094193026,16.28,5.83,
8/1/1986,0,5.82,0.842563943,1.574074074,4.007285974,-3.310613437,6.9,6.330616698,5.323207732,16.55,5.53,
9/1/1986,0,5.5,0.751003283,1.754385965,4.181818182,-2.64446621,7,6.088148999,6.336995026,16.05,5.21,
10/1/1986,0,5.5,1.526805588,1.471941122,4.07239819,-3.109815355,7,5.454891029,6.426446041,16.12,5.18,
11/1/1986,0,5.5,1.583068212,1.28440367,3.780378038,-3.481624758,6.9,5.171380822,5.676446177,16.78,5.35,
12/1/1986,0,5.5,1.53975101,1.0978957,3.770197487,-3.764478764,6.6,4.438683076,6.60904208,17.17,5.53,
1/1/1987,0,5.5,0.629098077,1.459854015,3.574620197,-2.61627907,6.6,4.574230387,3.834317852,18.01,5.43,
2/1/1987,0,5.5,2.666546047,2.104300091,3.565062389,-0.688298918,6.6,4.883620424,6.435713779,18.86,5.59,
3/1/1987,0,5.5,3.536080521,3.033088235,3.644444444,0.897308076,6.6,4.412935628,6.718373707,19.37,5.59,
4/1/1987,0,5.5,4.094595382,3.775322284,3.897254207,2.309236948,6.3,0.651196918,7.181151242,19.45,5.64,
5/1/1987,0,5.5,4.534316619,3.856749311,4.067197171,2.6,6.3,4.717038663,6.680664917,19.74,5.66,
6/1/1987,0,5.5,5.513248354,3.652968037,3.968253968,3.103103103,6.2,4.673579226,7.376734109,20.9,5.67,
7/1/1987,0,5.5,5.579863553,3.926940639,3.9543058,4.124748491,6.1,4.658338123,7.4101069,20.81,5.69,
8/1/1987,0,5.5,6.553653648,4.284412033,3.940455342,4.531722054,6,5.268716618,8.010763817,21.42,6.04,
9/1/1987,0,5.95,6.66646147,4.355716878,4.013961606,4.325955734,5.9,5.245753795,5.2055993,20.09,6.4,
10/1/1987,0,6,7.651380613,4.533091568,4.173913043,4.413239719,6,6.209071793,6.873742712,17.08,6.13,
11/1/1987,0,6,7.752121741,4.528985507,4.163052905,4.408817635,5.8,6.668065841,7.369211856,14.45,5.69,
12/1/1987,0,6,7.332242226,4.43438914,4.152249135,4.513540622,5.7,7.617765814,5.905708852,13.77,5.77,
1/1/1988,0,6,7.709477654,4.04676259,4.314063848,4.07960199,5.7,7.493026292,9.477090785,14.02,5.81,
2/1/1988,0,6,6.832640747,3.94265233,4.30292599,3.762376238,5.7,7.455262538,7.319185795,14.16,5.66,
3/1/1988,0,6,6.926007726,3.925066905,4.373927959,3.656126482,5.7,7.936647602,8.203630571,14.29,5.7,
4/1/1988,0,6,6.851949632,3.904170364,4.262574595,3.827281649,5.4,12.75438916,7.377912334,13.39,5.91,
5/1/1988,0,6,5.986814898,3.890362511,4.24808836,3.801169591,5.6,8.583990915,8.043563837,12.41,6.26,
6/1/1988,0,6,5.719638509,3.964757709,4.49533503,4.077669903,5.4,9.217406461,7.995964593,12.49,6.46,
7/1/1988,0,6,5.02110726,4.130052724,4.480135249,4.251207729,5.4,9.667909477,8.013700843,12.22,6.73,
8/1/1988,0,6.37,4.764444384,4.020979021,4.465037911,4.046242775,5.6,9.4109216,7.576338316,11.78,7.06,
9/1/1988,0,6.5,4.024021577,4.173913043,4.61409396,4.243008679,5.4,9.771493859,7.948184871,11.79,7.24,
10/1/1988,0,6.5,3.100406476,4.249783174,4.507512521,3.938520653,5.4,9.638826824,8.907321742,12.02,7.35,
11/1/1988,0,6.5,2.850895467,4.24610052,4.579517069,3.934740883,5.3,9.244736768,9.096113479,11.57,7.76,
12/1/1988,0,6.5,2.759159076,4.419410745,4.651162791,4.606525912,5.3,8.871102218,8.997826155,11.64,8.07,
1/1/1989,0,6.5,3.084123305,4.667242869,4.631927213,5.640535373,5.4,9.140601275,8.401530946,11.82,8.27,
2/1/1989,0,6.59,2.122205378,4.827586207,4.702970297,5.72519084,5.2,8.945739407,8.275904886,11.97,8.53,
3/1/1989,0,7,2.139761781,4.978540773,4.683648316,6.291706387,5,9.013342029,7.308694985,11.73,8.82,
4/1/1989,0,7,1.518463734,5.12382579,4.497138185,6.143667297,5.2,8.22445516,8.581060374,12.07,8.65,
5/1/1989,0,7,1.1469755,5.361702128,4.56397718,6.291079812,5.2,7.62114183,7.839446199,12.49,8.43,
6/1/1989,0,7,0.853036716,5.169491525,4.545454545,5.317164179,5.3,7.27717637,7.476269399,12.84,8.15,
7/1/1989,0,7,-0.126032082,4.978902954,4.530744337,4.541241891,5.2,6.923360742,7.269572501,13.43,7.88,
8/1/1989,0,7,0.341220881,4.705882353,4.435483871,3.703703704,5.2,6.591909453,7.5,14.32,7.9,
9/1/1989,0,7,0.325531457,4.340567613,4.170008019,3.977798335,5.3,6.416694856,7.315555556,14.66,7.75,
10/1/1989,0,7,-0.242042252,4.492512479,4.313099042,4.251386322,5.3,6.441377531,6.441690834,14.84,7.64,
11/1/1989,0,7,-0.154911137,4.655029094,4.378980892,4.06278855,5.4,6.504399732,6.212465745,14.7,7.69,
12/1/1989,0,7,-0.056130571,4.647302905,4.444444444,3.669724771,5.4,5.986113238,6.489001937,15.24,7.63,
1/1/1990,0,7,-0.86025967,5.202312139,4.42687747,3.981900452,5.4,6.45014418,7.090162758,15.13,7.64,
2/1/1990,0,7,0.490086807,5.263157895,4.570527975,3.249097473,5.3,6.506599623,6.88646789,14.97,7.74,
3/1/1990,0,7,0.721246809,5.233033524,4.788069074,2.421524664,5.2,6.037190289,7.319652452,15.62,7.9,
4/1/1990,0,7,0.511424445,4.711616572,4.851330203,1.60284951,5.4,6.805396525,6.406999718,15.7,7.77,
5/1/1990,0,7,1.38196412,4.36187399,4.754481684,1.236749117,5.4,7.044078439,6.306661411,16.37,7.74,
6/1/1990,0,7,1.722441503,4.673650282,4.891304348,1.24003543,5.2,7.155431037,6.670218135,16.95,7.73,
7/1/1990,0,7,2.540025991,4.823151125,5.108359133,1.507092199,5.5,7.177540608,6.581699529,16.81,7.62,
8/1/1990,1,7,1.914582891,5.617977528,5.482625483,4.017857143,5.7,6.931471832,6.289012871,15.33,7.45,
9/1/1990,1,7,2.296698811,6.16,5.542725173,5.338078292,5.9,6.995623151,6.85275684,14.51,7.36,
10/1/1990,1,7,1.783896891,6.289808917,5.359877489,7.092198582,5.9,5.799524987,6.522457067,14.21,7.17,
11/1/1990,1,7,0.178359289,6.274821287,5.263157895,6.566104703,6.2,5.643329951,6.274531331,14.68,7.06,
12/1/1990,1,6.79,-1.080636181,6.106264869,5.319148936,5.044247788,6.3,6.050242058,4.807013734,15.41,6.74,
1/1/1991,1,6.5,-0.893679839,5.651491366,5.601816805,3.568320279,6.4,4.747647562,2.956549709,15.35,6.22,
2/1/1991,1,6,-2.505352768,5.3125,5.65184627,2.447552448,6.6,4.270235819,3.714929457,17.19,5.94,
3/1/1991,1,6,-3.519457083,4.895104895,5.243445693,1.751313485,6.8,4.033850494,4.210498282,17.78,5.91,
4/1/1991,0,5.98,-3.037057587,4.887509697,5.149253731,1.66520596,6.7,3.742891768,3.636604775,18.58,5.65,
5/1/1991,0,5.5,-2.366685106,4.953560372,5.133928571,1.657940663,6.9,4.066573557,4.168653001,18.98,5.46,
6/1/1991,0,5.5,-1.901071006,4.695919938,4.959289415,1.837270341,6.9,4.14863833,3.574714154,19.49,5.57,
7/1/1991,0,5.5,-1.479177075,4.447852761,4.786450663,1.397379913,6.8,3.470321735,3.775806578,20.14,5.58,
8/1/1991,0,5.5,-1.813248595,3.799392097,4.612005857,-0.25751073,6.9,3.891596175,3.139048411,21.22,5.33,
9/1/1991,0,5.2,-1.032816077,3.391107762,4.595185996,-1.942567568,6.9,3.919283331,2.961163794,21.73,5.22,
10/1/1991,0,5,-0.517550315,2.921348315,4.433139535,-3.642384106,7,4.505783988,2.723092027,22.49,4.99,
11/1/1991,0,4.58,0.601356616,2.989536622,4.492753623,-3.080766028,7,4.701577864,3.401430822,23.27,4.56,
12/1/1991,0,4.11,0.843313935,3.064275037,4.401154401,-2.358887953,7.3,5.173627671,4.122963769,24.33,4.07,
1/1/1992,0,3.5,0.649336832,2.600297177,4.014336918,-2.857142857,7.3,6.206614945,6.344701901,25.93,3.8,
2/1/1992,0,3.5,2.106601244,2.818991098,3.708987161,-1.023890785,7.4,6.716924749,6.020637753,25.6,3.84,0.071909565
3/1/1992,0,3.5,3.551998196,3.185185185,3.84341637,-0.08605852,7.4,6.86686551,5.21339126,25.16,4.04,-0.299610871
4/1/1992,0,3.5,4.077346202,3.180473373,3.832505323,0.25862069,7.4,6.833805095,5.743390238,24.73,3.75,0.603465652
5/1/1992,0,3.5,3.387748886,3.02359882,3.892427459,0.600858369,7.6,7.010087906,5.725617818,24.75,3.63,0.548239623
6/1/1992,0,3.5,2.619348907,3.088235294,3.737658674,1.374570447,7.8,6.918155159,6.004314173,23.95,3.66,0.280776755
7/1/1992,0,3.02,3.269121721,3.15712188,3.72452565,1.550387597,7.7,7.236842105,6.02118003,23.88,3.21,0.710513798
8/1/1992,0,3,2.681903589,3.147877013,3.498950315,1.290877797,7.6,7.268181516,6.344007458,23.6,3.13,0.324650089
9/1/1992,0,3,2.162856005,2.988338192,3.277545328,1.636520241,7.6,6.291645592,6.790975481,23.2,2.91,0.953516091
10/1/1992,0,3,2.968198448,3.202328967,3.549060543,1.4604811,7.3,5.633247118,7.764084507,22.43,2.86,0.723140496
11/1/1992,0,3,3.502350306,3.047895501,3.46740638,1.202749141,7.4,5.621805792,7.415825757,22.56,3.13,0.221538462
12/1/1992,0,3,4.135199674,2.900652647,3.386316517,1.466781708,7.4,8.341791013,7.857231688,22.82,3.22,1.229218201
1/1/1993,0,3,5.099707594,3.258508327,3.44589938,2.076124567,7.3,5.083514887,6.267290131,22.5,3,1.157101181
2/1/1993,0,3,4.842733478,3.246753247,3.576341128,2.068965517,7.1,5.023441312,6.23978534,22.55,2.93,-0.778947849
3/1/1993,0,3,3.879966052,3.086862886,3.358464702,2.239448751,7,4.567078972,5.7201846,22.69,2.95,-0.82765448
4/1/1993,0,3,3.384489728,3.225806452,3.485987697,2.579535684,7.1,4.811169989,6.339102021,22.53,2.87,2.578552111
5/1/1993,0,3,2.652215301,3.221188261,3.40599455,2.133105802,7.1,4.358186493,6.348595614,22.83,2.96,0.948803105
6/1/1993,0,3,2.82032368,2.995720399,3.399048266,1.271186441,7,3.582263226,6.293840224,23.18,3.07,-0.150762781
7/1/1993,0,3,2.16344947,2.775800712,3.184281843,1.102629347,6.9,3.745232963,6.280917047,22.72,3.04,1.451528708
8/1/1993,0,3,2.615011113,2.767920511,3.313049358,0.849617672,6.8,3.570397261,6.16456206,22.65,3.02,-0.019917784
9/1/1993,0,3,2.823437281,2.689313517,3.241053342,0.593220339,6.7,3.711672942,6.020727093,22.5,2.95,0.589905206
10/1/1993,0,3,2.876857385,2.750352609,3.091397849,0.846740051,6.8,3.836736388,5.790370388,22.19,3.02,0.611201884
11/1/1993,0,3,2.96344355,2.676056338,3.150134048,1.018675722,6.6,3.957816377,5.896988722,21.63,3.1,1.018678507
12/1/1993,0,3,3.407657364,2.748414376,3.14171123,0.850340136,6.5,3.641473332,5.412323586,21.29,3.06,0.894195846
1/1/1994,0,3,3.321593919,2.52454418,2.931379081,0.93220339,6.6,3.742022033,5.630428272,21.34,2.98,-0.674359841
2/1/1994,0,3,2.89208212,2.51572327,2.788844622,0.760135135,6.6,3.526773992,6.366955204,21.02,3.25,1.583649307
3/1/1994,0,3,4.025157233,2.506963788,2.984084881,0.842459983,6.5,4.260438783,6.743251005,20.42,3.5,1.863628146
4/1/1994,0,3,4.328239148,2.361111111,2.708058124,0.335289187,6.4,3.569135703,6.320844904,19,3.68,0.031318673
5/1/1994,0,3.24,5.224007258,2.288488211,2.700922266,0.167084378,6.1,4.743019669,5.587463821,18.5,4.14,-0.370488262
6/1/1994,0,3.5,5.692068238,2.493074792,2.827087442,0.836820084,6.1,4.992978937,6.056306306,18.05,4.14,1.152784543
7/1/1994,0,3.5,5.552074791,2.770083102,2.8890348,1.258389262,6.1,4.982519229,5.632258498,17.42,4.33,0.317402786
8/1/1994,0,3.76,6.373617589,2.900552486,2.814136126,2.106149958,6,5.018620676,6.281939702,17.44,4.48,1.249077386
9/1/1994,0,4,6.137957613,2.963473467,3.008502289,1.937657961,5.9,5.773220555,5.840629502,17.09,4.62,0.816667771
10/1/1994,0,4,6.222540694,2.608098833,2.868318123,1.511335013,5.8,7.144141804,6.179403459,16.32,4.95,0.913205067
11/1/1994,0,4.4,6.435380996,2.674897119,2.794022092,2.100840336,5.6,6.846481283,5.961660921,15.62,5.29,0.080171969
12/1/1994,0,4.75,6.882641579,2.674897119,2.59235256,2.782462057,5.5,3.836612243,5.917612828,14.88,5.6,0.486153877
1/1/1995,0,4.75,6.745322155,2.804377565,2.912621359,3.190596138,5.6,6.340249613,5.803581165,14.89,5.71,0.433976742
2/1/1995,0,5.25,6.561607501,2.862985685,2.971576227,3.520536463,5.4,6.294265702,4.710098001,15.11,5.77,-1.574615648
3/1/1995,0,5.25,5.639774047,2.85326087,2.962009015,3.50877193,5.4,6.144059579,5.15281963,15.15,5.73,0.931456308
4/1/1995,0,5.25,4.839923921,3.052917232,3.151125402,4.093567251,5.8,5.509172268,4.690543983,15.31,5.65,0.39201586
5/1/1995,0,5.25,4.851157178,3.186440678,3.078896729,4.170141785,5.6,5.371553142,5.64514402,15.5,5.67,0.97198456
6/1/1995,0,5.25,4.501504677,3.040540541,3.00511509,3.98340249,5.6,5.697472248,5.704092251,15.67,5.47,1.23850906
7/1/1995,0,5.25,3.943534108,2.762803235,2.999361838,3.811101906,5.7,5.63854688,5.287463458,16.07,5.42,-0.282238443
8/1/1995,0,5.25,4.602329057,2.617449664,2.991725016,3.217821782,5.7,5.563878406,5.09595599,16.01,5.4,0.7812805
9/1/1995,0,5.25,4.694985858,2.543507363,2.984126984,3.47107438,5.6,5.39964543,5.141361257,16.45,5.28,0.234842946
10/1/1995,0,5.25,3.678486187,2.809364548,3.105196451,3.639371381,5.5,4.616159355,4.176276258,16.76,5.28,-0.400954562
11/1/1995,0,5.25,3.238510606,2.605210421,3.034134008,3.209876543,5.6,4.698786209,4.766246684,17.33,5.36,1.206735993
12/1/1995,0,5.25,2.566582281,2.538410154,3.032217309,3.11730927,5.6,4.49679594,5.285442829,18.1,5.14,0.831480275
1/1/1996,0,5.24,1.838481849,2.727877578,2.955974843,2.76647681,5.6,4.322432059,4.833855541,18.08,5,-0.807988631
2/1/1996,0,5,3.439368229,2.650762094,2.885821832,2.186234818,5.5,4.895464307,5.813474066,19.1,4.83,1.585537065
3/1/1996,0,5,3.129650956,2.84015852,2.814258912,2.017756255,5.5,5.064863877,5.893069145,19.01,4.96,0.888174031
4/1/1996,0,5,4.362000666,2.896642528,2.618453865,2.247191011,5.6,5.249049883,6.498711709,18.85,4.95,0.367009365
5/1/1996,0,5,4.629225614,2.890932983,2.675793404,2.56204964,5.6,5.529644484,5.892846283,19.1,5.02,0.75602303
6/1/1996,0,5,5.066557016,2.754098361,2.669149597,2.154828412,5.3,5.739231033,5.068809643,19.15,5.09,-0.10679661
7/1/1996,0,5,5.499965708,2.950819672,2.664188352,2.154828412,5.5,5.310563482,5.667779969,18.26,5.15,0.122183757
8/1/1996,0,5,4.665377176,2.877697842,2.595797281,2.557953637,5.1,5.374818115,5.388288414,18.6,5.05,0.012018564
9/1/1996,0,5,4.913700917,3.002610966,2.651048089,2.396166134,5.2,5.500581551,5.499452246,18.75,5.09,1.339446658
10/1/1996,0,5,5.06804259,2.992843201,2.519975415,2.154828412,5.2,5.41441586,6.274556732,19,4.99,0.822782501
11/1/1996,0,5,5.743160547,3.255208333,2.576687117,2.232854864,5.4,5.600995733,5.846981565,19.45,5.03,-0.04387949
12/1/1996,0,5,6.038192503,3.32247557,2.636419375,2.704852824,5.4,5.730034384,5.514467876,19.19,4.91,0.465236261
1/1/1997,0,5,6.788029747,3.044041451,2.504581552,2.692003167,5.3,5.784073047,6.39833258,19.53,5.03,0.671198382
2/1/1997,0,5,6.498874915,3.034215623,2.5,1.822503962,5.2,5.310957897,5.868142145,20.09,5.01,0.868530211
3/1/1997,0,5,7.353625262,2.761721259,2.433090024,0.712025316,5.2,5.255469375,5.429803027,19.69,5.14,0.327829582
4/1/1997,0,5,6.363577607,2.495201536,2.612393682,-0.313971743,5.1,5.751317029,4.825268817,18.94,5.16,-0.683583819
5/1/1997,0,5,6.184095329,2.234993614,2.545454545,-0.546448087,4.9,4.656921754,4.52544125,20.6,5.05,-0.750617724
6/1/1997,0,5,5.872941539,2.297383535,2.418379686,-0.625,5,4.50458151,5.055642663,21.61,4.93,1.403137322
7/1/1997,0,5,6.772236035,2.229299363,2.414001207,-0.859375,4.9,5.032500855,5.653192178,22.8,5.05,1.170501245
8/1/1997,0,5,7.298882741,2.22504768,2.289156627,-0.857365549,4.8,5.308648289,5.914691943,22.83,5.14,0.264972475
9/1/1997,0,5,7.618482915,2.154626109,2.222222222,-0.546021841,4.9,5.300293424,5.76029906,23.06,4.95,0.437401061
10/1/1997,0,5,8.588900711,2.0846494,2.278177458,-0.15625,4.7,5.653835746,5.80275875,23.58,4.97,-0.206676161
11/1/1997,0,5,8.502602931,1.828499369,2.153110048,-0.23400936,4.6,5.87641017,5.791224398,23.46,5.14,0.262796081
12/1/1997,0,5,8.283886777,1.702395965,2.270011947,-1.781564679,4.7,5.999497108,5.828654297,24.23,5.16,0.321558757
1/1/1998,0,5,8.581439692,1.571338781,2.264600715,-3.315343099,4.6,6.554694804,5.152371976,24.29,5.04,0.175619969
2/1/1998,0,5,7.497902444,1.441102757,2.260559191,-2.723735409,4.6,6.679849122,5.333087965,25.85,5.09,0.041884907
3/1/1998,0,5,6.860804849,1.375,2.256532067,-2.042419482,4.7,6.713039455,5.428843827,27.23,5.03,0.603839713
4/1/1998,0,5,7.132205124,1.435705368,2.131438721,-1.653543307,4.3,7.01713871,6.022750169,28.26,4.95,1.245479078
5/1/1998,0,5,7.229003627,1.686445971,2.186761229,-1.80533752,4.4,7.192152223,6.917329036,28.3,5,0.461468053
6/1/1998,0,5,6.110033482,1.684341859,2.243211334,-1.886792453,4.5,7.227102452,6.870882021,28.44,4.98,0.799746916
7/1/1998,0,5,4.802186879,1.682242991,2.239245728,-1.576044129,4.5,7.200091202,6.149077278,29.9,4.96,-0.652798875
8/1/1998,0,5,5.903093022,1.616915423,2.473498233,-2.358490566,4.5,7.040292685,6.049758368,28,4.9,-0.43468921
9/1/1998,0,5,4.82276506,1.488833747,2.350176263,-2.901960784,4.6,6.742477933,6.496242212,26.8,4.61,0.918440301
10/1/1998,0,4.86,4.628729051,1.485148515,2.227432591,-2.973395931,4.5,6.449392518,6.405094276,27.2,3.96,1.676378118
11/1/1998,0,4.63,3.690785681,1.547987616,2.341920375,-3.362001564,4.4,6.183206107,6.258500998,30.25,4.41,0.718205394
12/1/1998,0,4.5,3.674032556,1.611903286,2.453271028,-3.154574132,4.4,5.886073948,6.647810123,31.56,4.39,0.916529876
1/1/1999,0,4.5,3.638184722,1.670792079,2.331002331,-1.993620415,4.3,5.64382188,6.748800506,32.92,4.34,0.137102989
2/1/1999,0,4.5,4.058843625,1.605929586,2.152414194,-2.16,4.4,5.31767418,6.558579964,32.67,4.44,1.074258308
3/1/1999,0,4.5,4.243101862,1.726263872,2.032520325,-1.6840417,4.2,4.853917971,6.655304941,33.39,4.44,0.459682591
4/1/1999,0,4.5,4.122831791,2.276923077,2.202898551,-1.040832666,4.3,4.545524608,7.10768646,34,4.29,0.722073508
5/1/1999,0,4.5,4.075300614,2.088452088,2.082128398,-0.319744205,4.2,4.218594313,6.752428099,33.19,4.5,0.89433889
6/1/1999,0,4.5,4.623120444,1.963190184,1.963048499,0.320512821,4.3,4.100749058,6.618185534,32.24,4.57,0.280291283
7/1/1999,0,4.5,5.665672335,2.144607843,2.074927954,0.64051241,4.3,4.13685186,6.750424448,32.88,4.55,0.785675419
8/1/1999,0,4.56,3.98096756,2.264381885,1.896551724,2.173913043,4.2,4.290553825,6.867510549,30.89,4.72,1.077465664
9/1/1999,0,4.75,3.653256894,2.628361858,2.066590126,3.392568659,4.2,4.294552588,7.055451254,29.99,4.68,0.417707413
10/1/1999,0,4.75,4.258245407,2.56097561,2.121559633,2.983870968,4.1,4.678195489,6.878042275,28.66,4.86,0.191721166
11/1/1999,0,4.86,4.914612409,2.62195122,2.059496568,3.802588997,4.1,5.027857656,7.203178508,29.74,5.07,1.201980001
12/1/1999,0,5,5.33243995,2.684563758,1.881413911,4.071661238,4,5.791863313,7.75059715,29.66,5.2,1.848546034
1/1/2000,0,5,4.812003526,2.73889227,2.107061503,4.393816111,4,6.034943047,7.721562752,29.04,5.32,-0.674045719
2/1/2000,0,5.24,4.569993594,3.221884498,2.164009112,6.132461161,4.1,6.480810471,8.625721406,27.76,5.55,1.483338556
3/1/2000,0,5.34,4.746344132,3.757575758,2.447353443,6.688417618,4,7.052361123,9.024947008,28.31,5.69,1.166090729
4/1/2000,0,5.5,5.184684158,3.068592058,2.268859898,5.74433657,3.8,7.337894023,7.736107751,28.5,5.66,-1.506584494
5/1/2000,0,5.71,4.83016263,3.188929001,2.379603399,5.533279872,4,7.616161913,7.663548403,27.49,5.79,0.128391491
6/1/2000,0,6,4.979694297,3.730445247,2.54813137,6.869009585,4,7.887216613,7.772790441,28.16,5.69,0.747253071
7/1/2000,0,6,4.176563981,3.659268146,2.48447205,6.364359586,4,8.247016602,7.648387302,28.05,5.96,-0.289662134
8/1/2000,0,6,3.447150984,3.411131059,2.594472645,4.728132388,4.1,8.261430705,7.436946256,27.97,6.09,0.105637677
9/1/2000,0,6,4.295902558,3.454437165,2.530933633,5.234375,3.9,8.608715782,7.861896187,27.34,6,1.696480261
10/1/2000,0,6,2.61130962,3.448275862,2.52667041,6.029757244,3.9,8.293229518,7.524097701,26.5,6.11,-0.223745082
11/1/2000,0,6,2.091929429,3.446226976,2.634529148,5.22213562,3.9,7.696256684,7.150278351,26.9,6.17,-0.324273184
12/1/2000,0,6,0.932643733,3.386809269,2.574146614,6.572769953,3.9,7.002287037,6.286500535,26.62,5.77,-0.086222824
1/1/2001,0,5.52,0.50883182,3.732227488,2.565532627,9.119251754,4.2,7.02726141,6.793623623,27.55,5.15,1.103371756
2/1/2001,0,5,-0.484217159,3.533568905,2.787068004,5.855161787,4.2,6.565551342,5.682761535,27.81,4.88,-0.021876816
3/1/2001,0,4.81,-1.130049634,2.920560748,2.611111111,3.899082569,4.3,6.158790587,4.639198385,26.1,4.42,-0.833294473
4/1/2001,1,4.28,-2.108782765,3.269118506,2.662229617,4.361132364,4.4,5.679711001,4.867422257,27.96,3.87,1.576415265
5/1/2001,1,3.73,-2.883547671,3.61516035,2.545655783,3.951367781,4.3,5.244310804,5.113492407,32.02,3.62,0.245007265
6/1/2001,1,3.47,-3.483478769,3.248259861,2.705687465,1.270553064,4.5,4.816691343,4.784419511,33.67,3.49,-0.388993094
7/1/2001,1,3.25,-3.898722398,2.719907407,2.699724518,-0.224382947,4.6,5.513551396,4.636182315,35.46,3.51,-0.319899002
8/1/2001,1,3.16,-3.741581819,2.719907407,2.638812534,0.376222724,4.9,6.598264038,4.687775622,37.85,3.36,0.682995592
9/1/2001,1,2.77,-4.622584986,2.648244099,2.63302249,-1.039346696,5,4.7518184,1.718781755,36.9,2.64,-1.893658075
10/1/2001,1,2.02,-4.586698445,2.126436782,2.628696605,-3.76661743,5.3,2.822880187,4.62879689,39.72,2.16,6.68492198
11/1/2001,1,1.58,-5.163292748,1.895462378,2.730748225,-3.851851852,5.5,2.685310241,3.943674202,43.62,1.87,-2.522238066
12/1/2001,0,1.33,-4.88543617,1.551724138,2.782324059,-5.947136564,5.7,2.402564847,3.085354276,46.37,1.69,-1.186300769
1/1/2002,0,1.25,-3.725964547,1.142204455,2.610114192,-8.214285714,5.7,3.652783042,2.822222858,46.17,1.65,-0.069438325
2/1/2002,0,1.25,-3.094921214,1.137656428,2.548806941,-6.550218341,5.7,3.7107033,3.190608129,44.57,1.72,0.545310891
3/1/2002,0,1.25,-2.119434261,1.475595914,2.436383324,-4.488594555,5.7,3.743357198,3.525947947,46.71,1.79,-0.277842093
4/1/2002,0,1.25,-1.29627364,1.639344262,2.485143166,-4.105571848,5.9,4.559515454,4.401644727,43.81,1.71,1.608023584
5/1/2002,0,1.25,-0.358639761,1.181767023,2.536427415,-4.385964912,5.8,4.958312771,3.347606624,41.41,1.73,-1.344029249
6/1/2002,0,1.25,1.012836466,1.06741573,2.258064516,-3.394833948,5.8,5.179809499,3.575823585,37.92,1.7,0.849619759
7/1/2002,0,1.25,1.590903997,1.464788732,2.199570815,-1.649175412,5.8,3.631370545,4.306510597,32.46,1.68,1.048466796
8/1/2002,0,1.25,1.587410218,1.802816901,2.356722014,-1.424287856,5.7,2.168832148,4.084698878,31.53,1.62,0.779998967
9/1/2002,0,1.25,2.221999168,1.514301739,2.244788883,-0.750187547,5.7,3.690562486,5.487369773,28.89,1.63,-1.44882966
10/1/2002,0,1.25,2.275642984,2.025886325,2.187833511,2.225633154,5.7,5.661058933,3.081978123,29.24,1.58,0.404285566
11/1/2002,0,0.83,3.437857743,2.198421646,2.02020202,2.542372881,5.9,6.003868472,3.919357309,32.03,1.23,0.658894384
12/1/2002,0,0.75,2.908427678,2.376910017,1.963906582,3.7470726,6,6.304193777,4.92834917,32.59,1.19,0.844986346
1/1/2003,0,,3.016961223,2.597402597,1.960784314,5.291828794,5.8,4.246520073,4.964785792,31.43,1.17,0.442596795
2/1/2003,0,,3.147081198,2.98087739,1.797990481,7.165109034,5.9,3.991403903,4.476000664,28.46,1.17,-1.382227822
3/1/2003,0,,2.112927332,3.020134228,1.744186047,8.782742681,5.9,4.120535043,5.081867631,27.92,1.13,1.771491962
4/1/2003,0,,0.976961181,2.224694105,1.47601476,4.587155963,6,3.708077468,4.403418803,28.05,1.13,-0.244663798
5/1/2003,0,,0.526274824,2.057842047,1.526315789,4.510703364,6.1,3.870329126,4.958224149,28.24,1.07,0.274018945
6/1/2003,0,,-0.171046871,2.112284603,1.472134595,5.423987777,6.3,3.817057244,5.149880505,28.6,0.92,1.084983638
7/1/2003,0,,0.379610681,2.109938923,1.522309711,4.954268293,6.2,5.410868574,5.00453481,27.65,0.9,1.041631901
8/1/2003,0,,0.263176786,2.158273381,1.308215594,4.942965779,6.1,6.263836277,5.929093705,26.57,0.95,1.672023174
9/1/2003,0,,0.821729493,2.320441989,1.254573968,4.686318972,6.1,5.091065187,6.253128594,26.42,0.94,-0.609468859
10/1/2003,0,,1.212776854,2.040816327,1.305483029,4.57957958,6,5.031746032,5.812890037,24.75,0.92,-0.367400705
11/1/2003,0,,1.350957387,1.765030336,1.094319958,4.357625845,5.8,5.404714984,6.147002867,23.15,0.93,1.219780256
12/1/2003,0,,1.972806426,1.879491432,1.093180635,4.966139955,5.7,5.332816212,5.72481017,22.17,0.9,-0.36301523
1/1/2004,0,,1.307393935,1.926252064,1.143451143,4.50849963,5.7,5.463231737,6.176653893,22.73,0.88,0.600832122
2/1/2004,0,,1.79407826,1.6930639,1.246753247,3.270348837,5.6,5.791146507,6.515115386,22.46,0.93,0.691664457
3/1/2004,0,,1.677473658,1.737242128,1.558441558,1.345609065,5.8,5.88688142,6.402154634,21.61,0.94,1.772358402
4/1/2004,0,,2.744169124,2.285092492,1.766233766,5.847953216,5.6,6.066235961,6.1916301,21.23,0.94,-1.072853032
5/1/2004,0,,3.513543707,3.051771117,1.710730949,7.388441843,5.6,6.280078144,6.878161641,20.14,1.02,1.739008395
6/1/2004,0,,2.585344083,3.266194883,1.865284974,6.666666667,5.6,6.253263708,5.948360954,20.17,1.27,-1.255941109
7/1/2004,0,,2.815156897,2.990755846,1.758014478,7.044299201,5.5,5.012686646,6.186670104,19.51,1.33,1.14015202
8/1/2004,0,,3.135952979,2.654387866,1.704545455,7.246376812,5.4,4.314764875,5.342519835,19.03,1.48,0.134359235
9/1/2004,0,,2.581336333,2.537796976,1.961796593,6.642599278,5.4,5.438461359,6.211085221,19.35,1.65,1.753104456
10/1/2004,0,,3.351457096,3.189189189,2.010309278,7.68126346,5.5,5.506794852,6.732846938,19.25,1.76,0.668887047
11/1/2004,0,,2.901988027,3.52303523,2.216494845,8.999280058,5.4,4.805594987,6.587483907,20.05,2.07,0.335434902
12/1/2004,0,,3.656633996,3.255561584,2.265705458,7.670250896,5.4,8.388180605,6.968202858,20.48,2.19,1.231713418
1/1/2005,0,,3.851636033,2.969762419,2.261048304,6.718528996,5.3,4.157253117,6.127062232,19.99,2.33,-0.957592339
2/1/2005,0,,3.955653787,3.007518797,2.308876347,6.685432794,5.4,4.062189424,6.451171584,20.11,2.54,1.317326648
3/1/2005,0,,4.21970659,3.148345784,2.352941176,7.407407407,5.2,4.162311992,6.168815133,19.84,2.74,0.166653655
4/1/2005,0,,4.002169851,3.510638298,2.194997448,7.044198895,5.2,4.234376766,7.045589106,19.02,2.78,0.899931351
5/1/2005,0,,3.362547791,2.802749868,2.191641182,5.108991826,5.1,3.884779197,6.055158075,18.93,2.84,-0.612330391
6/1/2005,0,,4.61619972,2.530311017,2.034587996,4.823369565,5,3.79988607,7.303618711,19,2.97,2.832698597
7/1/2005,0,,3.513801548,3.167898627,2.083333333,6.037991859,5,4.020710389,7.489468125,19,3.22,0.749422962
8/1/2005,0,,3.767376389,3.64116095,2.133062468,6.486486486,4.9,4.237259927,6.993810146,18.72,3.44,-0.943227459
9/1/2005,0,,1.633316194,4.686677199,1.924050633,9.817197021,5,4.622230093,6.700233771,18.44,3.42,0.189043626
10/1/2005,0,,1.978700838,4.347826087,2.071753411,10.8,5,4.894334384,6.447464005,17.64,3.71,0.040993615
11/1/2005,0,,2.842932489,3.455497382,2.118003026,8.124174373,5,5.266867079,5.941145124,18.01,3.88,0.938107569
12/1/2005,0,,2.549857341,3.415659485,2.114803625,8.521970706,4.9,1.794093293,5.60533371,18.07,3.89,0.023033182
1/1/2006,0,,2.343895848,3.985317252,2.110552764,8.880053015,4.7,7.162361542,6.753592148,18.07,4.24,2.857183978
2/1/2006,0,,1.673853789,3.597497393,2.106318957,6.72823219,4.8,7.373620945,6.272855791,17.8,4.43,-0.734613006
3/1/2006,0,,2.024843136,3.362648733,2.098950525,5.530253741,4.7,7.289621777,6.216272795,17.8,4.51,0.270364753
4/1/2006,0,,2.120399884,3.545734841,2.297702298,6,4.7,7.122954996,5.913532448,17.77,4.6,0.494285353
5/1/2006,0,,2.041339555,4.166666667,2.443890274,7.45301361,4.6,6.821958009,6.460168827,17.46,4.72,-0.201162208
6/1/2006,0,,1.949483679,4.318766067,2.642073779,7.647440052,4.6,6.940633373,5.782895789,16.82,4.79,0.329404773
7/1/2006,0,,2.212038006,4.145342886,2.68790443,6.717850288,4.7,6.698707999,5.534346834,16.61,4.95,0.314910906
8/1/2006,0,,2.316069423,3.818737271,2.834410741,6.535532995,4.7,6.344999361,5.560389148,16.67,4.96,0.469351487
9/1/2006,0,,4.143675694,2.062374245,2.930948833,1.972872996,4.5,5.988023952,5.336838794,16.77,4.81,-0.479634923
10/1/2006,0,,2.786237418,1.305220884,2.772277228,-2.406738869,4.4,5.461134454,5.091458298,17.14,4.92,-0.139012316
11/1/2006,0,,1.642954364,1.973684211,2.617283951,0.549786194,4.5,5.487677309,5.074780354,17.24,4.94,0.224291557
12/1/2006,0,,2.177409807,2.540650407,2.613412229,1.595092025,4.4,6.042466211,5.647415127,17.38,4.85,1.242533388
1/1/2007,0,,1.657588619,2.075642965,2.657480315,-0.182592818,4.6,4.80544967,5.149036554,17.36,4.98,-0.031341929
2/1/2007,0,,2.596918451,2.415198792,2.718565815,3.090234858,4.5,4.954402323,5.16710642,17.49,5.03,0.107256006
3/1/2007,0,,2.553618363,2.778778779,2.505139501,4.377311961,4.4,5.076441408,5.242584502,16.92,4.94,0.865919793
4/1/2007,0,,2.949525167,2.57369727,2.415527344,4.32136336,4.5,5.017863107,4.9175334,17.48,4.87,-0.2644638
5/1/2007,0,,2.963065776,2.690864198,2.267770204,4.523522316,4.4,5.16922704,4.917784181,17.92,4.73,1.296332202
6/1/2007,0,,2.630683533,2.68703795,2.181641574,4.635761589,4.6,4.940582204,4.829582271,17.83,4.61,-0.749459473
7/1/2007,0,,2.537977216,2.358230958,2.168201648,4.976019185,4.7,4.899728127,4.359040219,18.36,4.82,0.396573173
8/1/2007,0,,2.290299022,1.970083374,2.088491296,2.680166766,4.6,4.768339189,4.888570144,18.02,4.2,0.471843599
9/1/2007,0,,2.740456377,2.75505175,2.101351351,4.897218863,4.7,5.049809347,5.009919577,19.05,3.89,0.406885
10/1/2007,0,,2.531341645,3.53617443,2.15655106,7.706535142,4.7,5.059811353,5.206736501,20.68,3.9,0.649021506
11/1/2007,0,,3.138241459,4.306203474,2.338787295,8.748481166,4.7,5.063366454,5.911576349,20.81,3.27,0.951533352
12/1/2007,0,,2.145792421,4.081268583,2.435367612,7.850241546,5,4.874019,5.106288798,22.35,3,-1.204138732
1/1/2008,1,,2.388702158,4.280294048,2.478906999,10.36585366,5,4.951766597,4.798347783,21.46,2.75,0.250602461
2/1/2008,1,,1.032091534,4.026555413,2.297080833,9.532374101,4.9,4.532525473,4.345598996,21.74,2.12,-0.906895927
3/1/2008,1,,0.528431958,3.981456231,2.388524387,10.98641465,5.1,4.144335881,4.407128812,21.81,1.26,0.245271399
4/1/2008,1,,-0.831796069,3.936889775,2.294669292,11.37689615,5,3.555148653,4.424696172,23.88,1.29,-0.046412427
5/1/2008,1,,-1.473877274,4.175543042,2.322215769,13.44489325,5.4,8.737407205,4.609841211,25.81,1.73,0.929753175
6/1/2008,1,,-1.754187482,5.021790048,2.391725921,15.36248562,5.6,6.601720187,4.948077636,26.11,1.86,0.111425502
7/1/2008,1,,-2.040643397,5.6001229,2.463313612,17.36150771,5.8,5.196866961,4.450779912,25.37,1.63,-0.376406211
8/1/2008,1,,-3.778835923,5.371855115,2.498117176,15.42923434,6.1,4.415656377,3.845329578,26.83,1.72,-0.734325588
9/1/2008,1,,-8.221322781,4.936927431,2.438620872,13.4870317,6.1,4.180880075,2.755685569,26.48,1.13,-1.492140409
10/1/2008,1,,-7.024091229,3.655186277,2.221362996,6.697195192,6.5,4.036822495,1.531970008,27.22,0.67,-3.757270355
11/1/2008,1,,-8.744917168,1.069574692,2.015893915,-1.229050279,6.8,3.234605656,-0.710131681,34.99,0.19,-3.853237002
12/1/2008,1,,-11.37527332,0.091412901,1.762459656,-4.31131019,7.3,1.52197153,-1.717672068,58.98,0.03,-2.139089436
1/1/2009,1,,-13.47062855,0.029846504,1.672350319,-5.414364641,7.8,1.737424688,-1.492537313,70.91,0.13,1.456829604
2/1/2009,1,,-13.68408847,0.236191088,1.800980653,-7.334428024,8.3,0.692380092,-1.574882034,84.46,0.3,-0.401568283
3/1/2009,1,,-14.74444351,-0.383556255,1.787613096,-10.53751996,8.7,0.268452635,-2.611780415,110.37,0.21,-1.737013374
4/1/2009,1,,-14.84389889,-0.736885715,1.932326622,-11.41959141,9,1.234016416,-2.957210808,119.85,0.16,0.486736801
5/1/2009,1,,-15.16038829,-1.281435799,1.846130941,-13.12309257,9.4,-2.420843453,-3.362513941,123.73,0.18,0.876409377
6/1/2009,1,,-15.19279508,-1.426776044,1.711972668,-13.16708229,9.5,-1.846621573,-3.285527775,123.32,0.18,1.683440237
7/1/2009,0,,-13.79682845,-2.097161354,1.527099298,-16.05839416,9.5,-1.225487968,-2.933697264,101.87,0.18,0.186534778
8/1/2009,0,,-11.42942701,-1.484348612,1.433965054,-12.06030151,9.6,-0.496820532,-1.686370471,92.95,0.17,1.806370901
9/1/2009,0,,-6.579484603,-1.286205967,1.479837389,-11.57948197,9.8,-0.359354621,-1.864299553,83.3,0.12,-2.354125561
10/1/2009,0,,-7.293567108,-0.182848277,1.712733177,-6.008583691,10,-0.375443105,-0.572049312,42.12,0.07,0.929670583
11/1/2009,0,,-5.696432573,1.838295869,1.714243571,0.339366516,9.9,0.4608,1.016671388,28.51,0.05,0.79641977
12/1/2009,0,,-2.627444057,2.721331126,1.823671776,4.212990053,9.9,2.017346967,2.561852778,21.78,0.05,0.49277677
1/1/2010,0,,0.916485538,2.625708643,1.512335171,6.25,9.8,1.67286416,2.121415225,20.7,0.06,-0.05287917
2/1/2010,0,,1.885220147,2.143331778,1.349452689,6.910809214,9.8,2.5320673,2.737034964,18.91,0.11,0.241406925
3/1/2010,0,,4.23511264,2.313959447,1.159205143,9.042236764,9.9,3.185940728,3.91683379,18.91,0.15,2.132820341
4/1/2010,0,,5.444565285,2.236447196,0.967508893,9.047900651,9.9,3.33425262,4.193399847,19.01,0.16,0.913534716
5/1/2010,0,,7.946171702,2.020986084,0.940138143,8.196721311,9.6,2.53430361,4.281220638,17.3,0.16,-0.91953637
6/1/2010,0,,8.509460072,1.053348973,0.950198985,5.399195864,9.4,3.803047937,3.845763469,16.15,0.12,-0.118903713
7/1/2010,0,,7.639981144,1.235192778,0.95775393,6.724637681,9.4,4.427100111,3.861909916,15.72,0.16,0.302561594
8/1/2010,0,,6.84062279,1.148104562,0.917100995,5.657142857,9.5,4.780601736,3.028758209,15.47,0.16,0.487994655
9/1/2010,0,,6.239009282,1.143682658,0.81438705,6.203331419,9.5,4.396459399,4.022039122,15.61,0.15,0.816668911
10/1/2010,0,,5.707762818,1.172187606,0.602718355,6.506849315,9.4,4.67688086,4.106568304,15.9,0.13,1.143703094
11/1/2010,0,,5.367917331,1.143160912,0.672056411,5.806087937,9.8,4.461271035,4.485414142,15.88,0.14,0.985503578
12/1/2010,0,,6.049284507,1.495723527,0.661894866,6.513194834,9.3,4.785187197,4.162107316,16.05,0.14,0.568858279
1/1/2011,0,,4.712689943,1.631846857,0.983533742,5.937328202,9.1,5.315296604,4.556438381,16.3,0.15,0.731973593
2/1/2011,0,,3.906043988,2.107584629,1.124445592,8.17679558,9,5.859734633,4.430618028,16.52,0.13,0.854128512
3/1/2011,0,,4.260061081,2.681603264,1.209785174,8.674304419,9,5.441633298,4.565773927,16.04,0.1,0.930357824
4/1/2011,0,,3.530214207,3.163630859,1.315539213,10.14099783,9.1,4.746145703,4.613888807,16.21,0.06,0.48321559
5/1/2011,0,,2.263309415,3.568645785,1.454096179,10.44372294,9,4.12061721,4.518744858,16.12,0.04,-0.081770019
6/1/2011,0,,2.336242665,3.558828252,1.583677677,11.11716621,9.1,4.532412843,4.530216102,15.35,0.04,0.820474496
7/1/2011,0,,2.429101962,3.628715982,1.741483446,11.13525258,9,4.937466398,4.513980191,15.61,0.04,-0.079604951
8/1/2011,0,,2.707638738,3.771208179,1.965157172,9.897241752,9,4.68183693,4.299948579,13.79,0.02,0.223071438
9/1/2011,0,,2.338772556,3.868356841,1.987722756,10.16765819,9,4.590968873,4.416535136,13.5,0.01,1.010187886
10/1/2011,0,,3.335395886,3.525199921,2.10792048,7.770632369,8.8,4.321990947,4.010051606,13.88,0.02,0.5898335
11/1/2011,0,,3.252144808,3.394377591,2.138204538,7.298881193,8.6,4.149641491,3.576905383,14.1,0.01,0.364496361
12/1/2011,0,,2.787516389,2.962418845,2.276662634,5.324196099,8.5,4.290158127,3.312004584,14.3,0.01,0.060315789
1/1/2012,0,,3.623986021,2.925216712,2.277348151,4.151530877,8.3,4.401361653,3.637902666,14.87,0.03,1.011212996
2/1/2012,0,,4.41205252,2.87109878,2.159820441,2.962206333,8.3,4.5446019,4.236950458,15.37,0.09,1.221587533
3/1/2012,0,,2.777021132,2.651398193,2.248337465,2.510040161,8.2,4.896843575,3.523640027,15.69,0.08,0.317012241
4/1/2012,0,,3.888524065,2.302739811,2.314427852,0.295420975,8.2,5.169777989,3.439697337,15.7,0.08,-0.397690061
5/1/2012,0,,3.953826877,1.704253775,2.25225828,-1.077902989,8.2,4.831626424,3.13524859,15.22,0.09,-0.198013861
6/1/2012,0,,3.667539637,1.663993762,2.192285611,-2.010789603,8.2,4.255660561,2.758349852,15.05,0.09,-0.898091087
7/1/2012,0,,3.385538203,1.408450704,2.109955687,-2.19941349,8.2,2.948068637,2.65757203,15.55,0.1,0.458044212
8/1/2012,0,,2.323104118,1.692378998,1.935252499,-0.246062992,8.1,2.795801687,2.843641573,16.14,0.1,1.208836281
9/1/2012,0,,2.325838357,1.991282081,2.008243483,0.343642612,7.8,3.836996798,2.987053936,16.69,0.11,0.782176519
10/1/2012,0,,1.933382379,2.162343599,1.994649148,1.193436101,7.8,4.767808081,3.096390784,16.62,0.1,0.01973569
11/1/2012,0,,2.343682237,1.764133846,1.952851269,0.198609732,7.7,5.939235763,3.438575712,16.12,0.09,0.461477369
12/1/2012,0,,2.08391809,1.741022369,1.899694378,0.850850851,7.9,7.487468412,3.359278227,16.44,0.07,0.33316311
1/1/2013,0,,1.471290259,1.594864668,1.909802218,0.896860987,8,0.51578567,3.263343367,17.03,0.07,0.844212252
2/1/2013,0,,1.624579411,1.97792351,1.988738521,1.339285714,7.7,-0.077480181,2.760484928,17.32,0.1,1.188503209
3/1/2013,0,,2.574646528,1.473896213,1.889022138,-0.097943193,7.5,-0.38394727,2.694221341,17.68,0.09,-0.716764226
4/1/2013,0,,1.718088026,1.063085381,1.715558856,-0.098183603,7.6,-0.678354828,2.38326451,17.69,0.06,-0.544412884
5/1/2013,0,,1.611935338,1.361965059,1.645551949,1.089648341,7.5,0.006469822,2.860050151,18.25,0.04,0.620492022
6/1/2013,0,,1.79135738,1.754416545,1.623095247,2.252252252,7.5,0.406655542,3.226628328,17.8,0.05,0.269595125
7/1/2013,0,,1.262741549,1.960681612,1.700221768,2.148925537,7.3,1.141379282,3.229612955,18.12,0.04,0.642207577
8/1/2013,0,,2.260701025,1.51836756,1.782107691,0.740009867,7.2,1.46630675,3.171128799,17.91,0.04,-0.175312717
9/1/2013,0,,2.88034653,1.184925262,1.751936842,-0.244618395,7.2,0.942169978,3.067004043,17.88,0.02,0.066366858
10/1/2013,0,,2.437706641,0.963612705,1.686837731,-0.491400491,7.2,-0.311810419,3.237739508,17.86,0.05,0.381416196
11/1/2013,0,,2.279188025,1.237072205,1.741667747,-0.297324083,6.9,-1.214427845,3.436091033,18.15,0.07,0.30196996
12/1/2013,0,,2.219282595,1.50173562,1.740856619,0.248138958,6.7,-3.248234823,3.684756556,18.04,0.07,0.542432695
1/1/2014,0,,1.828968391,1.578947368,1.607034436,0.641975309,6.6,3.250424892,2.900714514,18.15,0.04,-0.893815901
2/1/2014,0,,2.113033617,1.12634925,1.55480739,0.685266765,6.7,3.728462173,3.068066073,18.06,0.05,1.378948248
3/1/2014,0,,2.72298413,1.512202876,1.645660971,1.470588235,6.7,4.289404421,3.828132612,18.48,0.05,1.021438677
4/1/2014,0,,2.90676173,1.952857899,1.821055525,2.358722359,6.2,4.643504704,4.265541481,18.35,0.03,1.024859484
5/1/2014,0,,3.233198764,2.12711155,1.945526962,1.910828025,6.3,4.582763891,4.290029678,18.46,0.03,0.165617143
6/1/2014,0,,3.381820673,2.072341373,1.922862653,1.957905042,6.1,4.826217446,4.559959099,18.88,0.04,0.274036956
7/1/2014,0,,3.932745553,1.992328636,1.844963229,1.761252446,6.2,5.164152618,4.676151452,18.96,0.03,0.16351352
8/1/2014,0,,3.165942924,1.699611334,1.736395603,1.371204701,6.1,5.23473103,5.059351603,18.68,0.03,0.772211395
9/1/2014,0,,2.937351496,1.657918676,1.740945888,1.226091221,5.9,5.070783012,4.765898706,18.81,0.02,-0.240945763
10/1/2014,0,,3.071347864,1.664340216,1.81763231,0.444444444,5.7,5.833052628,4.928683249,18.5,0.02,0.373124967
11/1/2014,0,,3.468339089,1.322355182,1.741594755,-0.149105368,5.8,5.950154269,4.509405405,19.75,0.02,0.262216112
12/1/2014,0,,3.244545352,0.75649327,1.622419505,-2.475247525,5.6,6.149715579,4.337887727,20.08,0.03,-0.62096458
1/1/2015,0,,2.824928249,-0.089348313,1.631625565,-5.789990186,5.7,5.535683196,4.213735448,20.02,0.03,-0.543660449
2/1/2015,0,,1.382516378,-0.025129802,1.688083494,-7.097715119,5.5,5.504976984,4.122231866,20.77,0.02,-0.154772141
3/1/2015,0,,0.046474291,-0.073637391,1.745377707,-7.487922705,5.4,4.68257999,3.871253935,20.96,0.03,1.48007808
4/1/2015,0,,-0.587672141,-0.199517446,1.802827833,-8.353336534,5.4,4.425019425,3.798576809,21.42,0.02,0.242591566
5/1/2015,0,,-1.443779252,-0.039932745,1.750944095,-7.019230769,5.6,4.347153705,3.96449654,21.92,0.02,0.710436669
6/1/2015,0,,-2.066792334,0.123771204,1.777267624,-6.481036966,5.3,4.127607173,3.761686773,22.12,0.02,0.102664341
7/1/2015,0,,-1.664230283,0.16956978,1.834631289,-6.778846154,5.2,4.105942994,3.868317597,22.4,0.03,0.799647089
8/1/2015,0,,-1.667702487,0.195079293,1.850632327,-7.29468599,5.1,3.892096661,3.442175622,22.15,0.07,0.005553791
9/1/2015,0,,-2.259617626,-0.036129748,1.897096145,-8.381782946,5,3.672832458,3.294027386,21.45,0.02,-0.461605445
10/1/2015,0,,-2.720770722,0.170574436,1.913533536,-7.817109145,5,3.392720466,2.736910159,22.68,0.02,-0.264455801
11/1/2015,0,,-4.054411319,0.501797579,1.997427524,-7.565953211,5.1,2.969445492,2.807868321,23.67,0.12,0.410154283
12/1/2015,0,,-4.530827089,0.729519786,2.071507279,-6.852791878,5,2.84080248,2.942270649,23.74,0.23,0.414495764
1/1/2016,0,,-3.275600322,1.373086814,2.145022539,-4.895833333,4.8,3.235675668,3.40855412,22.18,0.26,-0.715049778
2/1/2016,0,,-3.16951424,1.01779978,2.222573822,-5.128205128,4.9,2.727455792,3.614050146,22.02,0.31,1.010782876
3/1/2016,0,,-3.568215745,0.852536221,2.142426949,-4.908616188,5,3.046768873,2.964003252,23.39,0.29,-0.317770824
4/1/2016,0,,-2.742977362,1.125110419,2.156654761,-4.033525406,5.1,2.850552476,3.295902237,23.97,0.23,0.394261891
5/1/2016,0,,-2.511534683,1.019322554,2.254559597,-4.188210962,4.8,2.518747962,3.073626929,23.81,0.27,0.36706336
6/1/2016,0,,-1.742270206,0.997326495,2.262211647,-3.696098563,4.9,2.5041946,3.439254463,23.97,0.27,1.060370392
7/1/2016,0,,-2.244394947,0.82713887,2.170139962,-3.197524497,4.8,2.595689814,3.168646734,24.52,0.3,-0.178107785
8/1/2016,0,,-2.16832666,1.062874503,2.308734561,-2.761855133,4.9,2.629605669,3.161452703,24.57,0.3,0.105046146
9/1/2016,0,,-1.978227673,1.463783647,2.271120683,-1.163405605,5,2.933294174,3.715365239,24.22,0.29,0.659940005
10/1/2016,0,,-1.452182966,1.635987521,2.204555151,-0.426666667,4.9,3.152393796,3.808824597,23.57,0.33,0.208495882
11/1/2016,0,,-1.099175166,1.692537163,2.14542194,0.323101777,4.7,3.425259734,3.781634362,23.35,0.45,-0.028332778
12/1/2016,0,,0.093390877,2.074622133,2.197123661,2.561307902,4.7,3.487761089,4.448281401,23.76,0.51,1.216058637
1/1/2017,0,,-0.660695505,2.500042209,2.250209222,4.43592552,4.7,3.827938869,4.693861196,23.59,0.51,1.104409087
2/1/2017,0,,-0.486687372,2.737958171,2.235346829,5.681191395,4.6,4.229769563,4.252658409,23.68,0.52,-0.015644192
3/1/2017,0,,0.891734146,2.380612433,2.045845482,5.161998902,4.4,4.364044618,4.808965462,23.6,0.74,-0.168307097
4/1/2017,0,,1.565297577,2.199689878,1.896565011,5.349344978,4.4,4.674952614,4.422154383,23.24,0.8,0.389072094
5/1/2017,0,,1.910194012,1.874877721,1.737093191,4.047490556,4.4,5.268636111,4.103471986,23.31,0.89,-0.497061095
6/1/2017,0,,1.616368286,1.633487955,1.699119334,3.198294243,4.3,5.161485712,3.880231243,23.4,0.98,0.406250663
7/1/2017,0,,1.273523817,1.727978456,1.676962744,3.090037294,4.3,5.06937263,3.971246482,23.36,1.07,0.001267036
8/1/2017,0,,0.920253475,1.938974212,1.655241262,3.8585209,4.4,5.16457147,3.960713476,23.16,1.01,0.189419536
9/1/2017,0,,1.124066994,2.232963865,1.595389846,4.226859283,4.3,5.314929738,4.442420563,23.28,1.03,2.047427648
10/1/2017,0,,2.294995959,2.041128702,1.759639081,4.392072844,4.2,5.347563185,4.511541152,23.67,1.07,0.141481278
11/1/2017,0,,2.963540671,2.202582939,1.737607273,5.152979066,4.2,5.342127075,5.022880633,23.81,1.23,1.065282315
12/1/2017,0,,2.449627088,2.109082475,1.770166453,4.303931987,4.1,5.209413192,5.076157744,24.25,1.32,0.523659576
1/1/2018,0,,2.62675521,2.07050762,1.891267113,3.775563713,4,5.389598578,4.896009553,24.97,1.41,-0.437087249
2/1/2018,0,,3.386493444,2.211795421,1.877704205,4.018789144,4.1,5.402468585,4.968521744,23.82,1.57,0.592953881
3/1/2018,0,,3.207750769,2.359711404,2.122784366,4.07310705,4,5.511330118,4.971879542,23.41,1.7,-0.063243158
4/1/2018,0,,3.338326257,2.462743943,2.150644636,3.78238342,4,5.549181687,5.081553929,22.53,1.76,0.299378121
5/1/2018,0,,2.259594162,2.801011715,2.272998449,5.394190871,3.8,5.397703864,5.565635937,22.49,1.86,1.300713046
6/1/2018,0,,2.859854092,2.871547835,2.245517307,5.475206612,4,5.772118569,5.332244503,22.49,1.9,-0.341764318
7/1/2018,0,,3.235635853,2.949515087,2.267595293,5.581395349,3.8,6.001763415,5.364426651,22.33,1.96,0.608351462
8/1/2018,0,,4.431380576,2.699180104,2.120894133,4.953560372,3.8,6.084528148,5.411219593,22.37,2.03,-0.058336901
9/1/2018,0,,4.359588087,2.276972194,2.19768049,4.517453799,3.7,5.69963628,4.475565129,22.25,2.13,-0.384292038
10/1/2018,0,,2.912530038,2.522469929,2.126409126,4.976911237,3.8,5.691912345,4.726529095,21.25,2.25,1.11772623
11/1/2018,0,,2.706901166,2.176601032,2.215384373,3.266972945,3.8,5.699318099,4.595808162,20.67,2.33,0.327517394
12/1/2018,0,,2.50085504,1.910158849,2.248529551,2.394294447,3.9,6.744510282,2.820848669,19.39,2.37,-2.031430498
1/1/2019,0,,1.951892569,1.551235138,2.179432924,0.606366852,4,5.691488656,2.810271978,19.6,2.37,0.650940796
2/1/2019,0,,1.045146887,1.520135266,2.141088964,-0.050175615,3.8,5.726275443,2.742617569,20.6,2.39,0.143940121
3/1/2019,0,,0.571671128,1.862522741,2.06656235,0.75263422,3.8,5.536552958,3.24000232,20.86,2.4,1.600229973
4/1/2019,0,,-1.063119516,1.996439776,2.091337724,0.898652022,3.7,5.078020129,3.178835704,21.56,2.38,0.121820868
5/1/2019,0,,0.027443792,1.790228469,1.972428008,-0.738188976,3.6,4.567515978,3.134124416,21.15,2.35,0.660564718
6/1/2019,0,,-0.681348626,1.648484656,2.074600134,-1.909892262,3.6,4.275332724,3.307873428,21.37,2.17,0.153237284
7/1/2019,0,,-1.267547569,1.811464806,2.16570495,-1.762114537,3.7,3.984189621,3.556401523,22.28,2.1,0.887260665
8/1/2019,0,,-1.254123003,1.749779889,2.321135674,-2.064896755,3.6,4.184965457,3.651348651,21.67,1.95,0.593122557
9/1/2019,0,,-1.523846478,1.711304513,2.330009908,-2.554027505,3.5,4.318962424,3.836550671,22.44,1.89,-0.606121055
10/1/2019,0,,-2.248900083,1.764042944,2.337814821,-2.93255132,3.6,4.273078838,3.556745319,22.04,1.65,0.310119107
11/1/2019,0,,-1.781430317,2.051277982,2.354696094,-1.631240732,3.6,4.390591499,3.641203426,22.62,1.54,0.639675257
12/1/2019,0,,-2.029528456,2.28512974,2.290598816,-0.995024876,3.6,2.701412873,4.908337841,22.78,1.54,0.350588775
1/1/2020,0,,-1.931065172,2.486571955,2.274836443,0.100452034,3.6,3.991960809,5.162403112,24.88,1.52,0.087055247
2/1/2020,0,,-1.163288249,2.334873564,2.379913165,-1.25502008,3.5,4.01162609,4.925082356,26.42,1.52,-0.005900143
3/1/2020,1,,-5.019420667,1.539326992,2.103094045,-3.834661355,4.4,1.960820977,-3.139725142,22.8,0.29,-9.079904069
4/1/2020,1,,-17.26213005,0.329096686,1.450016603,-8.213755567,14.8,16.53497183,-14.35745152,24.97,0.14,-14.52113985
5/1/2020,0,,-16.05753609,0.11792637,1.237143282,-6.494794249,13.2,10.68669474,-7.596507866,27.82,0.13,18.77632791
6/1/2020,0,,-10.66140563,0.645733048,1.17987813,-4.543185222,11,10.32812772,-2.530018345,31.29,0.16,8.658537088
7/1/2020,0,,-6.870175136,0.986081825,1.554618657,-3.836571998,10.2,11.43197306,-1.29009522,32.44,0.13,1.646014005
8/1/2020,0,,-6.701311793,1.309645382,1.710266526,-2.459839357,8.4,6.782690151,-0.669847236,34.41,0.1,0.892197056
9/1/2020,0,,-6.521995679,1.371324861,1.70658275,-1.461693548,7.8,7.146981498,0.682898678,34.27,0.11,1.981410858
10/1/2020,0,,-5.091425186,1.182066168,1.626599238,-1.057401813,6.8,6.531903695,0.812534284,35.3,0.1,-0.337487821
11/1/2020,0,,-5.180326585,1.174535784,1.664105924,-0.351758794,6.7,4.919001938,-0.019075389,37.16,0.09,-0.882988543
12/1/2020,0,,-3.836323662,1.362005495,1.62393805,0.753768844,6.7,6.008486598,0.410411565,39.26,0.09,0.896181448
1/1/2021,0,,-2.557981708,1.399769742,1.396335931,2.759658806,6.4,16.04278398,1.563206598,35.96,0.08,3.86127799
2/1/2021,0,,-6.15803922,1.676215217,1.275607512,7.066598882,6.2,6.258901582,0.928382858,33.24,0.04,-2.632907399
3/1/2021,0,,0.479075882,2.619762509,1.644899426,11.34127395,6.1,33.61595217,13.51845139,30.5,0.03,10.95593252
4/1/2021,0,,16.18326223,4.159694839,2.960541167,17.46630728,6.1,-0.339561297,29.65089178,29.92,0.02,1.031397847
5/1/2021,0,,15.3275672,4.992706538,3.779462897,19.24708378,5.8,2.405705248,19.91185837,28.05,0.02,-1.150143326
6/1/2021,0,,8.679426621,5.391451413,4.418463807,19.71757322,5.9,2.531766827,14.83841992,26.7,0.04,1.069299789
7/1/2021,0,,5.376763943,5.365475239,4.203491003,20.12953368,5.4,2.350545066,13.0604616,26.56,0.05,-1.523488045
8/1/2021,0,,4.419109358,5.251271555,3.950594284,20.13124035,5.1,6.315503948,13.01045161,26.23,0.05,0.69289493
9/1/2021,0,,3.356481965,5.390348855,4.020081815,20.55140665,4.7,4.518692205,11.89969294,25.35,0.04,0.589568352
10/1/2021,0,,4.018803433,6.221868903,4.583704694,22.3740458,4.5,5.307604368,12.99982996,24.39,0.05,1.616846271
11/1/2021,0,,4.481583045,6.80900284,4.973200428,22.68633384,4.1,6.837681311,14.07623434,24.52,0.05,1.143900203
12/1/2021,0,,2.970745718,7.036402866,5.504549826,20.3680798,3.9,6.266041447,13.49430475,23.63,0.06,-0.824742268
1/1/2022,0,,2.266671796,7.479872468,6.06052762,20.33837891,4,-5.587101005,12.23674679,23.11,0.15,1.821142582
2/1/2022,0,,6.607852841,7.871063898,6.45242289,19.97150997,3.8,3.279077922,13.72406042,22.42,0.33,1.00740023
3/1/2022,0,,4.425429841,8.542455555,6.476068386,20.93674419,3.6,-16.08968758,9.873799305,22.19,0.44,2.097546278
4/1/2022,0,,4.58517061,8.258629341,6.157162955,21.75768701,3.7,-1.199757473,9.186267275,22.4,0.76,1.36682491
5/1/2022,0,,3.657156574,8.581511544,6.017553921,21.49888839,3.6,1.666529255,9.407174323,20.81,0.98,-0.327518214
6/1/2022,0,,3.19235531,9.059757965,5.903416971,22.43381389,3.6,2.197210345,8.948691685,20.28,1.49,0.694742489
7/1/2022,0,,3.005999614,8.524814746,5.901755847,17.43541083,3.5,2.041570841,8.702974466,20.53,2.23,-0.685953275
8/1/2022,0,,3.105003221,8.262692503,6.299799637,15.47929653,3.6,2.544852482,8.503826906,22.03,2.63,0.602026325
9/1/2022,0,,4.509223572,8.201669644,6.640449037,13.67119544,3.5,4.142875165,8.568257627,20.58,3.13,-0.265883778
10/1/2022,0,,3.097468209,7.745427331,6.294940399,10.22851558,3.6,4.293273689,7.83264515,20.44,3.72,1.252910983
11/1/2022,0,,1.851436454,7.110322794,5.963097183,8.16730857,3.6,4.218138321,6.874492283,22.07,4.15,-1.184308571
12/1/2022,0,,0.593541225,6.454401331,5.680507396,6.861331411,3.5,4.478324821,6.812229154,22.65,4.25,-1.030171864
1/1/2023,0,,1.5096607,6.410146969,5.543023106,5.588895246,3.4,8.91766444,7.940267399,22.82,4.54,4.063389598
2/1/2023,0,,0.875816068,6.035613078,5.493483924,2.378294942,3.6,8.889692031,7.628369912,23.4,4.65,-1.0653968
3/1/2023,0,,0.176818439,4.984974122,5.560110849,-1.135323483,3.5,9.030488736,6.271943082,22.66,4.69,-1.073227725
4/1/2023,0,,0.346222055,4.930320398,5.51572208,-3.166861407,3.4,9.151980884,6.084746252,23.27,4.92,0.784900459
5/1/2023,0,,0.143125547,4.047609273,5.332246843,-7.165939008,3.7,9.129736656,5.884450785,23.15,5.14,0.20076067
6/1/2023,0,,-0.375999525,2.969177655,4.855224307,-9.416915551,3.6,8.673019424,5.32991453,24.01,5.16,0.143779775
7/1/2023,0,,0.055462472,3.177780178,4.707596889,-6.7722221,3.5,7.853709999,5.918069764,24.76,5.25,0.531629092
8/1/2023,0,,-0.116530924,3.665112384,4.412801068,-4.402217061,3.8,7.602314415,5.42272866,24.16,5.3,0.734058702
9/1/2023,0,,-0.223030804,3.699698121,4.143701975,-3.346049616,3.8,7.404695943,5.546506403,23.93,5.32,0.835399065
10/1/2023,0,,-0.815287289,3.241144652,4.021700278,-3.723293883,3.8,6.902918715,5.089003131,23.12,5.34,-0.186657084
11/1/2023,0,,-0.160860458,3.137270709,4.015091977,-3.914393309,3.7,7.020628345,5.647617717,23.51,5.27,0.104289141
12/1/2023,0,,1.073559784,3.352122831,3.910119666,-3.114033897,3.7,6.918137708,5.963686217,24.35,5.24,0.363775444
1/1/2024,0,,-0.730488611,3.090884781,3.874678321,-3.451601871,3.7,4.611273351,4.411506561,24.97,5.22,-1.084242438
2/1/2024,0,,0.062983159,3.153171121,3.761952362,-1.480270152,3.9,4.193613276,4.883447654,26.05,5.24,0.702671388
3/1/2024,0,,0.094487391,3.47738507,3.797294108,-0.804086174,3.8,4.127515939,5.843260805,26.87,5.24,0.647805413
4/1/2024,0,,-0.377019366,3.35736395,3.615526899,0.126893674,3.9,3.603218119,5.375249131,26.57,5.24,0.017445398
